customer_id,name,age,gender,location
1,Sharon Alexander,75,Other,Kyleborough
2,Dana Cook,71,Female,West Dylan
3,Julie Thomas,62,Female,Justinport
4,Allison Bright,51,Male,Lake Sherryshire
5,Danielle Prince,24,Male,East Faith
6,Cynthia Campbell,78,Other,North Charles
7,Monica Travis,45,Male,Leemouth
8,Christine Peters,48,Male,Thompsonview
9,Donna Schaefer,26,Other,North Kevinfurt
10,Ryan Carroll,29,Female,Debraburgh
11,Dan Miller,39,Male,East Melanie
12,Marcus Morris,19,Female,Kramerborough
13,Jacqueline Wells,38,Female,South Albertborough
14,Derrick Gill,43,Other,East Zacharyhaven
15,Jared Williams,68,Female,West Latoya
16,Jennifer Webb,43,Female,West Erikafurt
17,Darrell Salinas,19,Other,Lake Leslieville
18,Kim Smith,55,Male,Salinasview
19,Kathy Graham,43,Other,Erinhaven
20,Elizabeth Fuentes,76,Female,Brewerbury
21,Erika Rogers,41,Other,Frankport
22,Joann Leach,73,Female,East Markstad
23,James Andrews,55,Other,Linchester
24,Cindy Gonzalez,66,Female,Angelaton
25,Jennifer Scott,27,Other,South Kyle
26,Peter Shaw PhD,34,Female,East Jeffreyland
27,Shawn Sanchez,57,Male,Lake Johnberg
28,Tara Rivera,61,Female,Kristenbury
29,Donald Stafford,19,Other,Hillbury
30,David Mendez MD,72,Female,Dickersonmouth
31,Steven Williams,63,Female,Arnoldstad
32,Jennifer Green,56,Female,Sarahview
33,Joann Nichols,39,Female,Weeksview
34,Jordan Marshall,39,Male,Brianview
35,Louis Smith,49,Other,Stephaniemouth
36,Leslie Ward,29,Other,Bennettborough
37,Christian Mckay,80,Male,Lake Charleneton
38,Glenn Bailey,66,Male,Wendyfort
39,Joshua Jackson,70,Male,East Christopher
40,Kim Randolph,35,Female,Lake Christinemouth
41,Marcus Perry,22,Male,New Zachary
42,Marcus Matthews,38,Female,Feliciabury
43,Joshua Riggs,76,Female,South Briana
44,Cindy Martin,45,Female,Vaughnside
45,Robin Lopez,73,Female,New Kerrytown
46,Michael Lopez,78,Male,South Andrewchester
47,Alexis Doyle,67,Female,Hallbury
48,Michael Johnson,23,Female,West Michael
49,Ashlee Riley,72,Other,Savannahton
50,Christopher Tran,68,Female,Moralesmouth
51,Sarah Sanders,39,Female,Michelleland
52,Lauren Moore,50,Other,Kimport
53,Gail Smith,27,Male,Cordovastad
54,Danielle Bradley,65,Female,Hayesstad
55,Michael Spencer,35,Male,Larsontown
56,Curtis Washington,42,Other,Port Matthewfurt
57,Jasmine Brock,28,Male,Emilymouth
58,Deborah Moody,24,Other,Stacyville
59,David Beck,28,Female,West Jennifer
60,Jennifer Patel,58,Other,East Danielle
61,Joshua Munoz,30,Male,Youngshire
62,David Wilcox,74,Male,Michaelmouth
63,Kyle Carr,32,Female,Port Charlesburgh
64,Betty Smith,61,Female,Paulahaven
65,Mary Cole DDS,47,Female,Jessicaburgh
66,Nicholas Mccullough,69,Other,East Ashley
67,Joseph Brennan,71,Other,Silvaton
68,Travis Richards,66,Male,Rodriguezfurt
69,Deanna Reyes,37,Other,New Sharon
70,Anna Chung,58,Other,North Timothy
71,Brittney Lyons,41,Female,Sharonside
72,Cameron Williams,19,Other,North Haley
73,Lisa Williams,50,Female,Lake Joanmouth
74,Patrick Williams,24,Female,Lake Samantha
75,Ricky Little,42,Female,Wilsonchester
76,John Day,73,Other,Hernandezside
77,Jessica Rodriguez,70,Male,North Raymond
78,Barbara Jimenez,47,Male,South Michael
79,David Hill,49,Female,New Rebecca
80,Tony Campbell,60,Male,Port Linda
81,James Johns,54,Other,Jenniferbury
82,David Frazier,37,Female,South Dalton
83,Tara Wilson,52,Male,Lake Keith
84,Brenda Lewis,54,Female,East Allisonbury
85,Robin Bell,36,Male,North Richardbury
86,George Porter,48,Other,Wolfetown
87,John Adams,62,Other,Jenniferville
88,Brandon Hurley,46,Male,Elliottborough
89,Renee Carter,25,Female,North Megantown
90,Elizabeth Phillips,19,Other,Rosston
91,Jillian Johnson,78,Female,Summerstown
92,George Collins,20,Other,Hollyhaven
93,Samantha Hernandez,18,Male,Stuartmouth
94,Jeffrey Jenkins,22,Male,East Michaelborough
95,Mr. Brian Guerrero,56,Female,South Joseph
96,Gina Rivera,62,Female,Port Thomasfurt
97,Valerie Hood,32,Male,Hubbardchester
98,Monique Silva,37,Female,Mcdanieltown
99,Clarence Poole,77,Other,Joyport
100,Jessica Russo,24,Female,North Deborah
101,Jacob Key,58,Other,West Aaron
102,Gloria Flowers,71,Other,North Cameron
103,Desiree Lane,28,Other,Port Brittneyfurt
104,Chad Henderson,54,Other,Beasleychester
105,Ashley Kidd,74,Female,Lopezville
106,Kristy Crawford,71,Other,Fernandezstad
107,Joel Hall,50,Male,North Danny
108,Joel Schwartz,18,Other,South Joanne
109,Jeremiah Chandler,19,Female,Joannebury
110,Ryan Johnson,68,Male,Port Michael
111,Anna Shaw,74,Male,North Jasmine
112,Gloria Murphy,31,Male,New Melindafurt
113,Lisa Leonard,31,Male,East Heatherbury
114,Katherine Barajas,70,Female,Lake Christine
115,Edwin Davis,21,Female,South Paulburgh
116,Richard Snow,60,Other,North Feliciafort
117,Joseph Bennett,76,Female,Port Teresabury
118,Dr. Donna Alexander,23,Male,Timothyview
119,Lori Wilson,26,Female,Brownville
120,Steven Cuevas,63,Male,South Brianna
121,Christine Williams,80,Other,New Alyssashire
122,Daniel Allison,77,Male,Rosschester
123,Robert Fletcher,64,Other,Crawfordmouth
124,Aaron Alvarado,63,Other,Wrightville
125,Dawn Morris,51,Other,South Juanchester
126,Gary Oliver,80,Female,Terryview
127,Larry Rodriguez,50,Other,Wernerside
128,Victor Wolfe,63,Male,North Angelaville
129,Paul Larsen,43,Male,West Cynthia
130,Amy Reed,48,Male,Wyatthaven
131,Amy Horne,36,Female,South Benjamin
132,Alan Rodriguez,58,Male,Fergusonton
133,Amanda Gibson,80,Male,Lake Wendymouth
134,Gina Price,67,Other,Port Karen
135,Drew Miller,68,Other,Markfurt
136,Steve Cook,29,Female,Lake Scott
137,Amy Hernandez,62,Other,West Cassandra
138,Corey Torres,23,Male,North Tina
139,Linda Kelly,57,Other,Port Amy
140,Sharon Santiago,73,Other,Greenehaven
141,Debbie Phillips,38,Male,Mossberg
142,Crystal Atkinson,44,Male,Greenchester
143,Hunter Mccarthy,20,Male,Williamville
144,Joshua Butler,28,Female,Collierchester
145,Todd West,32,Male,Port William
146,James Ellis,75,Other,Port Sarah
147,Wayne Fisher,68,Male,West Brian
148,Christian Mitchell,60,Female,New Amanda
149,Alyssa Stone,44,Male,East Gregory
150,Colleen Freeman,67,Female,East Karinatown
151,Christine Aguilar,65,Male,Arnoldberg
152,Rachel Duncan,61,Male,Lake Justin
153,Kelly Torres,34,Male,Klinefort
154,Angelica Green,53,Female,North David
155,Rebecca Marshall,63,Female,Port Stephanieview
156,Rachel Bullock,21,Female,Port Donaldside
157,Anthony Martinez,53,Other,South Brenda
158,Nathan Davis,35,Female,East Laurenfort
159,Terry Clark,65,Other,Simmonsview
160,Joseph Miller,39,Male,Crystalton
161,Daniel Jones,53,Other,Gabrielville
162,Brian Garcia,67,Female,East Moniqueside
163,Michelle Dudley,77,Female,Juanside
164,Melissa Peters,51,Female,Strongville
165,Lisa Kelly,21,Female,East Paulstad
166,Tracey Duke,35,Other,Jordanshire
167,Julie Nunez,61,Female,West Teresa
168,Jill Sullivan,76,Female,Ericksonport
169,Dr. Marie Ritter,22,Female,West Amberchester
170,Robert Baker,35,Male,Dunnside
171,Steven Roberts,48,Other,North Eric
172,Ashley Watts DDS,58,Female,Michaelland
173,Cody Campos,29,Female,Port Raymond
174,Debra Stevens,46,Male,Port Connieburgh
175,Tony Myers Jr.,65,Male,South Stevenfort
176,Sharon Mckenzie,63,Female,Maryland
177,Patricia Rodriguez,77,Male,Jennaside
178,James Estrada,36,Female,New Melissa
179,Mary Hawkins,19,Other,Port Evelynville
180,Drew White,65,Female,Lake Patrick
181,Brandon Harmon,18,Female,West Amanda
182,Teresa Davis,76,Female,Danielbury
183,Shelby Nelson,41,Female,Hooverfort
184,Jessica Stephenson,41,Other,Hayesfurt
185,Jeffrey Webster,56,Male,Port Bryan
186,Christine Rhodes,29,Male,Juliechester
187,Cindy Cross,29,Male,Hayesville
188,Rick Evans,71,Female,Torresport
189,Linda Rivas,69,Female,North Sandraton
190,Joseph Kim,21,Other,Davidbury
191,Timothy Johnson,37,Male,Hawkinsfurt
192,Steven Weaver Jr.,68,Other,Odomfurt
193,James Fernandez,49,Other,Jordanhaven
194,Taylor Bernard,41,Other,Shannonhaven
195,Evelyn Stanley,74,Male,North Dianamouth
196,Tim Goodman,28,Female,Vasquezbury
197,Mary Ramirez,68,Male,Lisaland
198,Tracy Barton,80,Male,Williammouth
199,Darlene Nelson,59,Female,North Brandon
200,Amanda Allen,19,Female,Lake Loretta
201,Richard Peterson,21,Female,Tracyhaven
202,Gregory Hall,67,Other,East Tammy
203,Joshua Bean,55,Male,Welchbury
204,Jessica Hale,45,Female,Odonnelltown
205,Jeffery Thompson,43,Female,North Hannahberg
206,Tara Smith,38,Female,Lake Marcus
207,Matthew Mccall,70,Male,Duncanborough
208,Nathaniel Adams,42,Male,Ramirezland
209,Christopher Fox,75,Female,South Daniel
210,Jason Krause,48,Other,Jaredmouth
211,Derek Ramos,42,Other,New Micheletown
212,Deborah Bates,31,Female,South Carrie
213,Michael Ward,70,Male,Port Karen
214,Lisa Wood,60,Other,Brittanystad
215,Tracy Adams,30,Other,Port Mike
216,Jennifer Smith,33,Other,Jayfurt
217,Melissa Dominguez,54,Female,West Mindy
218,Jordan Combs,33,Other,Lopezville
219,Alicia Robbins,47,Other,Crossfort
220,Natasha Whitney,54,Other,West Sherri
221,Ann Barnes,45,Female,Hudsonton
222,Tracy Rogers,46,Other,West Nicholas
223,Brianna Deleon,66,Male,Richmouth
224,Darrell Cook,30,Other,Frenchshire
225,Jonathan Hernandez,52,Other,Millsville
226,Katherine Snyder,62,Female,Millerberg
227,Roy Lowe,27,Other,Port Regina
228,Alice Richardson,48,Male,Pierceburgh
229,Seth Klein,67,Female,Port Donaldton
230,Eric Shaw,73,Other,Harryhaven
231,Amanda Phelps,34,Male,Port Jamiefort
232,Gregory Smith,57,Other,Tracymouth
233,Sandra Harris,34,Male,New Lisa
234,Danielle Salas,51,Other,West Andrea
235,Hector Nichols,40,Female,Curryfort
236,Ms. Jacqueline Humphrey,21,Female,Evanmouth
237,Brooke Irwin,45,Female,Lake Daniel
238,Mrs. Whitney Little,47,Female,Salasview
239,Matthew George,23,Other,South Rachel
240,Jennifer Allen,33,Other,Jasontown
241,David Martinez,56,Other,North Micheal
242,Kathleen Coleman,23,Female,Bethshire
243,Benjamin Best,51,Other,Port Josemouth
244,Angela Elliott,37,Other,Mathewbury
245,Jeanette Mahoney,53,Other,Frederickchester
246,Pamela Guzman,24,Female,Johnsonbury
247,Debra Sanchez,40,Female,Valentinefort
248,Randy Williamson,21,Male,South Tina
249,Anthony White,74,Female,Andremouth
250,John Thomas,46,Other,Port Mary
251,Julie Manning,77,Female,South Anna
252,Chad Smith,22,Other,Samuelbury
253,Anthony Robinson,75,Other,Smithfurt
254,Nancy Preston,70,Female,Port Roger
255,Kathleen Weber,46,Other,Samanthaborough
256,Raymond Austin,40,Other,South Maria
257,Todd Rodriguez,22,Female,Marktown
258,Yolanda Acosta,25,Female,Jonesberg
259,Kelly Jackson,53,Male,Brandymouth
260,Christopher Anderson,69,Male,Lake Kathyburgh
261,Linda Barber,21,Female,Taylormouth
262,Victor Vargas,59,Male,Arnoldborough
263,Wendy Davis,63,Female,East Timothystad
264,Tyler Bauer,65,Other,Courtneyfurt
265,Katrina Smith,62,Other,North Paul
266,Elizabeth Fletcher,45,Other,Cooperchester
267,Cynthia Salazar,54,Other,Annamouth
268,Cheryl Esparza,80,Male,Stephanieside
269,Melissa Sullivan,66,Female,East Sarah
270,Amy Lee,45,Female,Karenstad
271,Shelby Cook,67,Male,New Lindamouth
272,Angel Williamson,63,Male,Garciaton
273,Amy Martinez,32,Other,Deleonberg
274,Tiffany Howell,32,Other,Karenhaven
275,Elizabeth Gray,47,Male,New Richard
276,Cynthia Johnson,45,Male,Gregoryton
277,Tanner Johnson,40,Female,New Scott
278,Brittany Alvarez,57,Other,Garrettshire
279,Teresa Gross,19,Female,Keithside
280,Jennifer Bowman,39,Female,Browntown
281,Thomas Bautista,19,Male,Matahaven
282,Lisa Wang,57,Female,Arroyoborough
283,Michelle Curry,63,Male,Lake Micheleland
284,Aaron Richards,72,Other,Port David
285,Julia Dixon,49,Other,Williamsberg
286,James Perez,43,Female,New Brittneyberg
287,Gina Anderson,42,Male,Williamfort
288,Jeremy Little,55,Other,Sototon
289,Logan Williams,21,Male,Cherylhaven
290,Bill Ramirez,33,Female,Brittanyton
291,Katherine Phillips,22,Male,New Juliemouth
292,Heather Snyder,57,Other,Samuelbury
293,Shannon Robinson,54,Male,Clarkshire
294,Kristi Hernandez,52,Male,Gregorymouth
295,Sherri Sullivan,79,Other,New Kylefurt
296,Sherry Tucker,22,Female,Ramirezfurt
297,Zachary Glover,30,Female,Ericaland
298,Jessica Anderson,45,Female,Lindseyhaven
299,Austin Harris,79,Female,Bowmanburgh
300,Jennifer Diaz,40,Female,Jensenshire
301,Alexander Barry,37,Other,Stephaniemouth
302,Nicholas French,51,Female,Hardinport
303,Molly Carter,31,Male,Mirandafurt
304,Richard Garza,57,Other,South Scott
305,Christian Maynard,31,Male,Morganview
306,Eddie Gonzales,19,Female,East Bridget
307,Peter Boone,42,Male,Heatherside
308,Kimberly Welch,66,Male,Port Hunterchester
309,Tiffany Villarreal,52,Male,Nelsonstad
310,Amber Allen,49,Other,Mathisside
311,James Howard,78,Other,East Joseph
312,Mikayla Johnston,32,Female,Port Stevenbury
313,Gregory Guerrero,38,Female,Heatherport
314,Meredith Santiago,24,Male,New Curtisshire
315,Angela Stout,75,Other,Fernandezshire
316,Dana Potter,63,Male,North Jose
317,Brittany Herrera,53,Male,South Emily
318,Jacob Frederick,18,Male,Lake Christopher
319,Denise Duncan,53,Other,West Tina
320,Albert Merritt,68,Male,North Keith
321,Ryan Boyd,68,Other,Edwinmouth
322,Anthony Hale,36,Female,South Michaelberg
323,Anthony Patterson,67,Male,Carrillotown
324,Kim Garza MD,65,Male,East Benjamin
325,Jared Browning,34,Other,North Alisonfurt
326,Emily Galvan,49,Other,South Jessicaside
327,Susan Thompson,22,Other,Dianafurt
328,Stephanie Armstrong,46,Other,Lake Alyssaside
329,Phillip Young,45,Female,Carlosland
330,Katherine Conrad,78,Other,Lake Stephanie
331,Lauren Peterson,73,Female,Amberton
332,Logan Ingram,77,Other,Ramireztown
333,Cynthia Marshall,75,Male,East Allison
334,Danielle Peters MD,36,Female,Lake Tracy
335,Mark Schultz,79,Female,New Shawn
336,Nicole Beard,72,Male,East Amberburgh
337,Brandon Myers,63,Other,Sosaside
338,Eric Hall,72,Female,East Joshuaborough
339,Robert Garcia,53,Female,Lake Johnathan
340,John Thomas,80,Male,Port Kimberly
341,Robert Graves,39,Other,Taylorfort
342,Mr. Albert Goodwin MD,31,Female,West Adam
343,Tammie Perez,56,Male,East Robert
344,James Sims,40,Female,Leeshire
345,Jamie King,32,Male,South Christopherfurt
346,Wendy Little,62,Female,Port Devon
347,Michelle Miller,55,Male,Yuhaven
348,Jesse Cross,33,Other,Olsonville
349,Steve Chambers,73,Female,Joshuabury
350,Jordan Williams,22,Female,South Christophershire
351,Jordan Aguilar,78,Male,West Zachary
352,Charlene Hansen,69,Female,East Aaronhaven
353,Jessica Calhoun,51,Female,Coleside
354,Joseph Shaw,52,Male,Jamesfort
355,Anthony Curtis,23,Other,Jenniferstad
356,Jennifer Murphy,47,Male,Oscarside
357,Jacob Long,28,Female,Stephenfort
358,Jason Spencer,50,Other,Lake Lorishire
359,Rhonda Williams,26,Female,South Josephfort
360,Matthew Haas,33,Other,East Jameston
361,Gregory Smith,63,Male,West Amandaberg
362,Bradley Melton,74,Other,Clarktown
363,Robert Williams,42,Other,West Angelica
364,Jacob Martinez,59,Other,Lake Jessica
365,Susan Jackson,59,Other,Lake Jenniferville
366,Monica Mckay,45,Female,Susanland
367,Paul Smith,55,Female,East Kaitlin
368,Jose Cook,73,Male,Robertmouth
369,Erik Gonzalez,29,Other,Lake Aprilmouth
370,Alex Flores,21,Other,Port Timothyview
371,Courtney Clark,48,Male,Lake Rachel
372,Kelly Brennan,58,Other,Anthonymouth
373,Lisa Miller,60,Male,Watsonchester
374,Bryan Gonzalez,74,Female,Kathrynside
375,David West,39,Male,Port Cherylfort
376,Natasha Gutierrez,35,Male,Port Jennifer
377,Brianna Zimmerman,60,Female,New Michaela
378,Mrs. Stacey Booker,62,Other,Martinmouth
379,Hannah Bailey,27,Other,East Hunter
380,Monica Gentry,22,Female,Katherinefort
381,Frank Moore,53,Other,Smithbury
382,Laura Ortiz,39,Other,Port Jasonfort
383,Marvin Willis,70,Male,Lake Robin
384,Jacob Hernandez,41,Female,Cristianton
385,Richard Knox,20,Other,Tuckerport
386,Kimberly Jones,39,Other,Crystalville
387,Jonathan Ortiz,57,Other,Victoriamouth
388,Amy Berry,41,Female,Johnsonland
389,Jacob Fisher,74,Other,North Patrick
390,Michael Williams,79,Male,Lake Lindsay
391,Mary Moore,25,Other,Stevenbury
392,Casey Becker,69,Female,Bakerfort
393,Joseph Matthews,43,Female,East Nicholas
394,Autumn Carson,60,Other,Wendyview
395,Mackenzie Cook,56,Other,New Maryfort
396,Isabel Buck,20,Female,North Victoriamouth
397,Michael Bennett,72,Female,Parkerview
398,Edward Reyes,22,Male,Andreatown
399,Abigail Jackson,75,Other,Lake Michaelshire
400,Miss Jennifer Johnston MD,51,Female,Sandrachester
401,Joel Garcia,75,Female,Dennishaven
402,Helen Bishop,21,Other,West Brittany
403,Rachel Norton,30,Female,Davidmouth
404,Pamela Anderson,20,Other,Caroltown
405,David Benson,55,Male,Taylorburgh
406,Mark Day,64,Other,Lake Carol
407,Robert Phelps,34,Other,South Charles
408,Mr. Daniel Cooley,34,Other,East Brandi
409,Daniel Medina,70,Male,Kaylaview
410,Angela Gregory,70,Female,Wendybury
411,Jose Gibson,35,Male,North Brandytown
412,Shelley Khan,52,Male,New Kathrynview
413,Daniel Williams,30,Other,South Vanessaton
414,Debra Kidd,31,Female,West Barry
415,Nicole Walker,65,Female,North Georgestad
416,Austin Mcguire,35,Male,West Savannahchester
417,Mr. Craig Lynch DVM,46,Other,North Scott
418,Thomas Sanchez,71,Male,East Justinview
419,Tom Gonzalez,28,Other,Port Christopher
420,James Tapia,44,Male,East Ashley
421,Derrick Johnson,18,Other,East Tammystad
422,Michael Haynes MD,44,Male,West Jason
423,Mary Caldwell,66,Male,Lake Hannah
424,Cheryl Gonzalez,30,Female,Allisonshire
425,Joseph Gibbs,36,Male,Port Jasonfort
426,Bonnie Moore,31,Male,Colemanhaven
427,Sonya Wallace,24,Female,Katiemouth
428,Charles Smith,42,Female,Mcintyreland
429,James Hines DDS,22,Male,Bautistaview
430,Cheryl Burns,40,Other,New Kim
431,Stephen Hampton,50,Female,Summermouth
432,Shannon Escobar,50,Female,Darlenestad
433,Bradley Hood,39,Male,Lake Deborah
434,William Romero,43,Other,West Jessica
435,Sarah Montgomery,72,Male,Salasshire
436,Danielle Terrell,18,Male,Patriciaborough
437,Timothy Anderson,74,Other,East Sean
438,Jessica Wright,38,Female,Penaport
439,Margaret Patterson,74,Male,West Jessica
440,Anthony Brown,40,Female,Seanmouth
441,Christopher Frederick,29,Other,Lake Jack
442,Thomas Robinson,36,Male,Wileyshire
443,Tiffany Davis,50,Female,West Samanthaberg
444,David Taylor,57,Female,Lake Eric
445,Glenn Jones,23,Female,East Debbietown
446,Christine Cross,34,Male,Woodshire
447,Nicole Simmons,21,Male,East Charles
448,Carlos Larson,31,Female,South Jayville
449,Nicholas Holden,41,Male,Josephport
450,Chase Brady,20,Other,Robertshire
451,Christopher Stanley,37,Male,Blackstad
452,Joseph Goodwin,47,Other,Lawsonberg
453,Vincent White,70,Other,Marieside
454,Lindsey Cortez,21,Female,New Theodoreburgh
455,Amy Martin,46,Female,Johnsonview
456,Christopher Jenkins,77,Other,North Gabrielmouth
457,Molly Cross,66,Male,New Ashley
458,Douglas Moon,71,Male,Stephenshire
459,Dawn Hopkins,64,Female,Daniellechester
460,Bradley Watts,21,Other,New Jennifer
461,Colton White,18,Other,Jasminefurt
462,Scott Lowery,61,Male,New William
463,Dawn Scott DVM,43,Other,Benjaminland
464,Taylor Weber,63,Other,Whiteburgh
465,Terri Griffith,28,Other,Port Jessicahaven
466,Kayla Crawford,30,Male,Harrisbury
467,Anthony Fowler,64,Other,East Terry
468,Albert Burke,29,Other,North William
469,Jack Randolph,37,Male,Perkinsborough
470,Brad Long,77,Male,Stevenmouth
471,Aaron Rogers,30,Other,North Cassandra
472,William Gibbs,48,Male,Robinsonborough
473,Amanda Duncan,53,Male,Shermanstad
474,Brooke Brown,32,Male,Colefort
475,Stephanie Wang,70,Other,Davisville
476,Jacob Walter,29,Other,South Christopher
477,Tasha Cox,49,Female,Thomasview
478,Matthew Martin,21,Male,Michaelmouth
479,James Hall,76,Female,Jimenezberg
480,Jordan Wheeler,27,Other,East Susan
481,Sheila Fisher,29,Other,Dillonstad
482,Matthew Lee,34,Female,South Heidichester
483,Edgar Hill,37,Other,New Danielle
484,Tina Simmons,26,Female,Port Randyhaven
485,Molly Herrera,56,Other,Ronaldview
486,Daniel Barnes,64,Male,North Cassandra
487,Donna Matthews,57,Other,Carlsonborough
488,Margaret Johnson,32,Female,North Mitchell
489,Jennifer Farrell,37,Other,Danielville
490,James Jones,35,Other,Marvintown
491,Peter Martin,43,Male,Gibsonfurt
492,Brittany Walker,58,Female,Kelleychester
493,Elizabeth Garcia,76,Female,Kennethberg
494,Amy Estrada,48,Male,Brandiburgh
495,Michael Lewis,63,Male,New Austinton
496,Samantha Hernandez,29,Male,Mannington
497,Michelle Hurley,39,Other,Jamesstad
498,Andrea Miller,51,Male,North Cathy
499,Charles Ali,24,Female,Robertside
500,Emily Martin,67,Male,East John
501,Ann Smith,49,Male,Walshside
502,Kimberly Tucker,54,Male,Zavalaberg
503,James White,42,Female,Maryfurt
504,Christian Gibson,23,Male,Shannonstad
505,Jamie Smith,78,Male,Mooretown
506,Christopher Hudson,79,Female,Julieborough
507,Christopher Stanton,62,Other,North Barryville
508,Shannon Ball,47,Female,Carmenfurt
509,Brittney Hicks,63,Other,Barbaraborough
510,Thomas Nicholson,32,Female,New Janehaven
511,Amanda Mason,41,Other,Tinastad
512,Seth Valentine MD,74,Female,Kingtown
513,Allison Long,64,Other,Kimberlyview
514,Robert Davis,28,Male,East Sarahstad
515,Megan Ramsey,75,Male,Butlerton
516,Chelsey Little,62,Other,West Christystad
517,Tracey Harris,39,Male,Christopherchester
518,Patricia Knight,19,Female,West Alexander
519,Amy Howard,64,Female,New Crystal
520,Kendra Bell,47,Female,East Davidland
521,Kristin Chung,53,Other,North Angela
522,Michael Gray,69,Female,Michelestad
523,Tracy Houston DDS,28,Other,South Lisa
524,Raymond Shaffer Jr.,19,Male,West Kristina
525,Katherine Hester,80,Other,New Sethmouth
526,Julia Sims,78,Male,West Brent
527,Bruce Johnson,69,Male,Gregorystad
528,Alyssa Stevenson,79,Male,South Zacharymouth
529,Jody Brooks,55,Female,North Markbury
530,James Gould,39,Male,East Joy
531,Laurie Sandoval,32,Female,Caseytown
532,Rhonda Sandoval,59,Other,West Tonystad
533,Alejandro Gutierrez,79,Male,Kiddview
534,Jacqueline Bowen,26,Male,South Gerald
535,Roger Mitchell,23,Male,New Andrew
536,Jesse Reed,20,Male,Barajashaven
537,Tammy Trujillo,65,Other,Wangtown
538,Karina Bowen,42,Female,Mendezport
539,Susan Cannon,50,Male,Lake Emily
540,Robert Mullins,44,Other,Gravesshire
541,George Alvarez,41,Male,East Taylorborough
542,John Reese,45,Female,North Karen
543,Scott Mathis,33,Other,Christinatown
544,Arthur Young,35,Female,New Cynthiaside
545,Bryan Olson,42,Male,North Karen
546,Daniel Walker,53,Female,Brendaport
547,Amber Scott,75,Male,Wellsshire
548,Catherine Goodman,31,Other,Farmerport
549,Nicole Meyers,60,Female,Williamsfort
550,Jasmine Bates,42,Female,Christophertown
551,Scott Simpson,77,Other,Gloverborough
552,David Lee,46,Female,West Matthew
553,Michelle Graham,76,Other,Port Julia
554,Tyler Pollard,54,Other,Duncanborough
555,Crystal Mitchell,79,Female,Hunterburgh
556,Nicole Schneider,40,Female,West Bonnie
557,Michael Harrison,37,Male,South Evanfort
558,Michelle Hanson,23,Female,East Joel
559,Collin Baldwin,60,Male,Stephaniebury
560,Melissa Stout,27,Male,Lake Stevenshire
561,Christina Rogers,37,Other,Lake Michael
562,Mr. Eric Ortega,57,Female,North Marie
563,Samantha Chavez,20,Other,Tanyafort
564,Jason Dougherty,31,Other,North Edgarberg
565,Amy Wright,76,Other,Jorgemouth
566,Tricia Hill,69,Male,New Jeffreyborough
567,Brandon Rhodes,20,Male,Lake Robert
568,John Bond,79,Other,North Danielshire
569,Jessica Chung MD,62,Male,Riveraton
570,Jerry Hernandez,32,Other,South Nathan
571,Christopher Jones,41,Female,East Sarahport
572,Dr. Peter Brown,20,Female,Deniseburgh
573,Kimberly Avila,31,Female,Lake Pamela
574,Daniel Callahan,80,Other,West David
575,Chelsea Mathews,56,Other,East Jack
576,Ryan Davis,58,Other,Warrenmouth
577,Richard Morris,49,Female,Villegastown
578,Teresa Williams,45,Female,Lake Traci
579,Deborah Morton,25,Other,South Frank
580,Tina Harris,55,Other,Hernandezstad
581,Benjamin Sawyer,24,Male,Markside
582,Diana Stanley,50,Female,South Katiemouth
583,Tanner Davis,61,Other,East Robertshire
584,Mario Guerrero,61,Other,Sandersside
585,Nicholas Strong,65,Male,Lake Mark
586,Lisa Ryan,73,Other,Taylorland
587,Andrea Barker,56,Female,Wallacestad
588,Andrew Thomas,22,Female,New Lindsay
589,Brandy Benton,30,Female,East Jeffrey
590,Mary Baldwin,66,Female,Pattonville
591,Michael Burnett,58,Female,Davisside
592,Tiffany Chaney,54,Male,North Travisstad
593,Miguel Williams,26,Female,New Martinchester
594,Tammy Schultz,53,Other,North Nicole
595,Thomas Bruce,28,Other,Laurenchester
596,Elizabeth Hernandez,52,Other,Kennedyland
597,Dennis Page,54,Female,Port Kristinport
598,Mark Davis,78,Male,South Thomas
599,Shelly Hood,79,Male,South Cindybury
600,Joseph Patel,52,Other,North William
601,Stacy Wright,70,Other,West Carol
602,Kelly King,69,Male,North Kevin
603,Ms. Amber Rice,75,Female,Laurashire
604,Christopher Cunningham,38,Other,West Denise
605,Nicole Lee,40,Female,Tammyville
606,Morgan Nelson MD,67,Female,Robertview
607,Anthony Warren,76,Other,New Brent
608,Jason Ross,21,Female,East Alexandria
609,Adam Ward,29,Other,Davidton
610,Elizabeth Zimmerman,73,Other,Collinside
611,Edward Thompson,42,Other,Jacksonland
612,Regina Brandt,57,Female,Johnsonstad
613,Julie Ball,30,Male,New Benjamin
614,Kayla Andersen,56,Male,South Jaredview
615,Ms. Sarah Carter,54,Female,South Carla
616,Anthony Peterson,72,Other,Lake Dominiquehaven
617,Chad Moore,22,Other,North Austinshire
618,Amy Reyes,76,Male,West Johnathan
619,Rhonda Johnson,79,Male,Craigport
620,Mario Carr,60,Male,Gregorytown
621,Suzanne Walsh,71,Other,East Candiceshire
622,Michael Bailey,54,Other,Millershire
623,Julie Jenkins,20,Female,Clarkview
624,Jeff Barber,31,Female,Goodmanhaven
625,Renee Anderson,43,Male,South Shannonborough
626,Michelle Aguilar,61,Other,Amyburgh
627,Keith Watson,57,Female,Deannamouth
628,William Anderson,41,Male,Hayesborough
629,Melissa Armstrong,67,Female,Alanbury
630,Kaitlin Myers,38,Female,Tammyview
631,Keith Crawford,80,Female,Wigginstown
632,Blake Wright,33,Female,Smithside
633,Sabrina Walker,29,Other,Danielside
634,Danielle Deleon,46,Female,West Lisa
635,Adam Sampson,72,Other,South Amanda
636,Amy Martin,73,Other,Frazierstad
637,Erin Reyes,77,Other,West Adriennetown
638,Rachel Bell,73,Male,New Robert
639,Thomas Griffith,68,Other,Heatherfurt
640,Melanie Rodriguez,69,Female,New Adammouth
641,Kathryn Willis,79,Other,Peckland
642,Christopher Snyder,59,Other,Petersview
643,Victoria Perez,20,Other,West Chad
644,Dr. Nicole Davenport,51,Other,North Jason
645,Janice Ellison,53,Other,Aaronburgh
646,Diana Hayes PhD,47,Male,Port Nicoleville
647,Dr. Stephanie Mays,23,Male,Port Roger
648,Samantha Rodriguez,18,Other,Josephshire
649,Caitlin Mora,74,Other,South Edwinburgh
650,Juan Mills,48,Male,West Karaville
651,Meghan Gilbert,66,Male,South Dan
652,Cynthia Roberts,52,Male,Port Maryton
653,William Pace,60,Female,North Ethan
654,Stefanie Rivera,27,Other,Melaniebury
655,Mr. Christopher Fischer,31,Other,Dennismouth
656,Jesse Thomas,42,Other,Jonesburgh
657,Damon Garcia,74,Female,South Alicialand
658,Jonathan Espinoza,32,Male,East Adrienne
659,Nicole Green,47,Female,Lake Adamchester
660,Eric Davis,66,Male,Lake Laurenhaven
661,Vanessa Harrison,54,Female,Sarahview
662,Allison Jackson,50,Female,New Jonathanchester
663,Tina Jones,47,Female,Lake Marybury
664,Colleen Rodriguez,25,Other,Georgemouth
665,Amber Brooks,21,Female,Jensenside
666,Donna Colon,67,Male,Lake Davidville
667,Lisa Roberts,71,Female,Port Nicholasfurt
668,Pamela Smith,41,Other,West Carla
669,Richard Taylor,79,Female,Lake Kennethstad
670,Brenda Thompson,67,Other,Nancyview
671,Amy Levy,70,Female,South Sara
672,Scott Hardin,80,Other,South Samanthachester
673,Jon Ramos,40,Female,Stephenton
674,Sherry Keith,29,Female,Sellersview
675,Andrea Abbott,61,Other,Lake Josebury
676,Katie Cannon,59,Female,East Robertchester
677,Elizabeth Smith,56,Female,Mccartyport
678,Felicia Vance,32,Male,West Amanda
679,Clinton Thomas,80,Male,East James
680,Kenneth Jones,63,Other,South Lynnbury
681,Shawn Robinson,38,Female,Timothyburgh
682,Billy Washington,35,Female,East Jesse
683,Jamie Lewis,51,Female,Port Stephaniemouth
684,Dana Merritt,20,Female,Jameston
685,Emma Richmond,38,Female,Liberg
686,Brooke Jones,31,Female,West Vanessa
687,Catherine Huber,75,Female,South Melanie
688,Elizabeth Beasley,25,Other,Lisaland
689,Patrick Webb,29,Female,Melindaton
690,Jesus Garcia,74,Other,Charlesville
691,Rachel Burke,66,Male,West Michaelside
692,Laura Armstrong,63,Male,East Jessica
693,Micheal Stephens,52,Female,East Sean
694,Steve Garcia,28,Female,New Katiebury
695,Joseph Thomas,36,Male,Port Jenniferfurt
696,Johnny Howard,69,Male,Jeffreyfort
697,Nathan Peterson,33,Other,Port Anthony
698,Robert Mann,65,Other,Johnsonton
699,Chad Smith,77,Other,South Jeremy
700,James Cordova,67,Female,Jordanton
701,Dr. Christine Murray,32,Female,South Katherine
702,Hailey Poole,34,Male,Lake Stevenfurt
703,Amanda Morgan,77,Female,South Angelaville
704,Paul Henderson,21,Female,New Brandy
705,James Gross,77,Male,Port Kim
706,Debra Ross,76,Other,Rogersmouth
707,Tyler Pearson,26,Other,Lunamouth
708,Kimberly Gill,77,Male,North Donald
709,Kelsey Thompson,70,Female,West Bryan
710,Ronald Silva,34,Other,West Brandonborough
711,Kiara Garza,45,Other,Port Selenatown
712,Anna Robinson,49,Male,Stephanieport
713,Stacy Sanchez,39,Other,Lake Timothyfurt
714,Richard Johnston,51,Other,Port Blake
715,Sarah Steele,49,Male,Port Christopher
716,Stephanie Hancock,40,Other,New Edward
717,Dr. Andrew Hester III,64,Female,Melissaton
718,Rhonda Ramos,28,Other,West Charlesshire
719,Mario Webster,77,Female,Gonzalesview
720,Sarah Schneider,78,Other,Stevenchester
721,Nicole Beard,37,Other,West Lisafurt
722,Robert Kaufman,77,Female,East Brittanymouth
723,Sarah Robinson,80,Male,Cooperbury
724,Daniel Davenport,65,Female,Robertville
725,Benjamin Jones,33,Male,Dukestad
726,Jason Collins,68,Other,Chavezfort
727,Suzanne Singh,57,Female,South Christopherbury
728,Curtis Deleon,75,Female,South Samanthaville
729,Jaclyn Rodriguez,32,Other,Nealburgh
730,Adriana Brown DDS,63,Female,Longfurt
731,Keith Conway,50,Female,South Jenniferchester
732,Edwin Hill,27,Other,Lake Margaret
733,Melissa Chapman,70,Other,Lake Michael
734,Patricia Harris,73,Female,South Raymondville
735,David Kennedy PhD,44,Male,Sarahburgh
736,Shawn Sandoval,41,Female,Port Jaredburgh
737,Timothy Rowe,54,Other,Nancyhaven
738,Michael Knight,20,Other,Ryanborough
739,Karen Tucker,20,Male,Port Roberttown
740,Erin Norton,53,Other,Johnsonstad
741,Aaron Rodgers,41,Female,Michelleville
742,Carolyn Smith,26,Female,Phillipsland
743,Mark Lewis,75,Male,Port Robin
744,Donna Adams,38,Male,North Grace
745,Betty Brown,35,Female,Lake Victoriafurt
746,Shelby Jefferson,24,Male,Silvaland
747,Patricia Weiss,42,Male,Smithborough
748,Bryan Shea,59,Other,Rachelborough
749,Angel Dennis,77,Female,West Adrianton
750,Brenda Mckinney,21,Female,North Susanbury
751,Danielle Hall,42,Male,Lake Anthony
752,Kurt Stout,56,Female,South Nicole
753,Jason Robinson,78,Other,North Jared
754,Nicole Bryan,64,Male,Lewiston
755,Brenda Warren,46,Female,West Gilbertland
756,Amber Peterson,75,Female,Snyderfurt
757,John Sherman,65,Female,West Rachelside
758,Linda Parsons,31,Female,Port Amandamouth
759,Jill Johnson,74,Other,North Angela
760,Christina Garner,19,Female,Collinsborough
761,Benjamin Kaiser,71,Female,Thomastown
762,Tammy Wade,25,Female,North Andrew
763,Leah Morgan,64,Male,Dianeborough
764,Megan Gardner,35,Female,South Karenville
765,Bryce Kelly,61,Female,Port Madison
766,Nicholas Barron,40,Female,Lake John
767,Joseph Arnold,18,Other,West Erica
768,Lisa Patterson,46,Female,Ericchester
769,Jerry Smith,49,Female,Lindafurt
770,Stacy Foster,31,Other,Henrychester
771,Jordan Garcia,66,Other,Alexandraside
772,Angela Davis,70,Other,Port Heidichester
773,Cassandra Pierce,51,Male,Charleston
774,Eric Tucker,31,Female,West Edward
775,Brittany Warren,44,Female,Lake Amandachester
776,Charles Russell,48,Female,Walkerview
777,Emily Hughes,22,Other,East Stephenport
778,Pamela Lloyd,80,Male,North Austin
779,Lisa Carrillo,38,Male,Mariaton
780,Amy Horton,23,Female,Port Anneview
781,Jason Hughes,79,Female,East Lauraland
782,Danielle Stanton,68,Other,Robertmouth
783,Hunter Delgado,48,Female,New Luke
784,Lynn Humphrey,27,Other,West Scottton
785,Justin Lee,38,Male,Port Chelseyfurt
786,Valerie Johnson,78,Male,Port Jason
787,Jonathon Swanson,29,Other,Jeanchester
788,Rebecca Thomas,70,Male,New Susanville
789,Eric Baker,65,Female,Emilyport
790,Michael Mcdaniel,40,Male,Tinabury
791,Johnathan Harris,52,Female,Lake Amy
792,Judy Kidd,21,Male,Marcusshire
793,Robert Walker,70,Other,Port Brooke
794,Elizabeth Marshall,72,Female,Thompsonview
795,Mary Brown,73,Male,West Davidshire
796,Roger Perez,49,Female,North Johnbury
797,Phillip White,58,Male,East Jamesburgh
798,Rebecca Stokes,33,Other,Nicholasside
799,Brent Powell,26,Other,Devinmouth
800,Michael Johnson,44,Male,Travisland
801,Michael Livingston,21,Female,Lake John
802,Dr. Laura Bryant,78,Female,Lake Alyssahaven
803,Connie Smith,39,Other,Juliebury
804,Linda King,35,Other,Port James
805,James Gibson,52,Other,Davisport
806,Kelsey Gomez,20,Male,South Tony
807,Lisa Mckenzie DDS,75,Female,Amandaville
808,Amber Frederick,46,Female,Sarahborough
809,Joann Stuart,35,Other,East Julie
810,Seth Huynh,61,Other,Lake Christopher
811,Amanda Franklin,32,Other,Collinsborough
812,Kevin Murphy,76,Male,East Stevenstad
813,Carla Johnson,43,Other,West Rebecca
814,Jacob Lopez,70,Other,Port Mary
815,Julie Hamilton,70,Male,Nicholasville
816,Gregory Nunez,75,Other,Port Jenniferview
817,Brittney Carpenter,38,Male,Lake Kimberlyhaven
818,Patrick Smith,33,Other,South Christopher
819,Wendy Lin,33,Female,East Emily
820,Tyler Martin,53,Other,Smithberg
821,Diana Valencia,49,Other,Hendricksport
822,Alicia Fischer,80,Other,West Brian
823,Jermaine Harper,61,Female,New Michaelhaven
824,Edward Howell,21,Male,Michaelton
825,Jeremiah Mcdowell,18,Other,Reneeshire
826,Thomas Shaw,28,Female,Priceside
827,Ashley Fry,20,Female,Lake Jonathanborough
828,Michael Wells,57,Other,Stephaniemouth
829,Mary Graham,24,Other,New Michael
830,Joshua Ross,64,Female,Lake Kimberly
831,Juan Hale,78,Male,South Mikayla
832,Kevin Guzman,47,Male,West Jeffrey
833,David Hill,72,Other,Lake Donna
834,Dennis Young,28,Other,Sheltonport
835,Steven Allen,27,Female,Samanthahaven
836,Lynn Patterson,42,Other,East Alexanderside
837,James Castro,64,Male,Arroyostad
838,Kara Dillon,47,Female,Courtneyhaven
839,Lee Moore,31,Female,South Drewshire
840,Steven Potts,52,Male,Hardybury
841,Kyle Wall,41,Male,Archerbury
842,Janet Fitzgerald,57,Other,Karenborough
843,Scott Hood,33,Male,Carlyhaven
844,Anthony Jackson,60,Male,North Markshire
845,Jacob Brown,47,Other,Owenston
846,Alex Larson,64,Male,Ashleybury
847,Mary Hansen,47,Male,Gonzalezfort
848,Cody Hall,53,Male,Greenbury
849,Steven Campbell,31,Male,West Timothybury
850,Cynthia Allen,32,Female,South Jacobberg
851,Scott Graves,28,Male,Bennettborough
852,Erik Woods,39,Other,Mariabury
853,Shawn Lewis,24,Other,Stephenchester
854,Lawrence Edwards,43,Other,Wayneton
855,Brittany Jordan,22,Other,Angiefurt
856,Amanda Herrera,45,Female,East Marcus
857,Amy Ramirez,39,Other,Lake Kimberly
858,Donna Velazquez,59,Female,Whitneyland
859,Kevin Johnson,66,Female,Annaberg
860,Erin Mcgrath,36,Male,New Susanburgh
861,Joseph Patterson,57,Female,West Tonyamouth
862,Kathleen Schmidt DDS,26,Other,Lake Charles
863,Jose Roberts,55,Male,Lake Nancymouth
864,Stephanie Murphy,39,Male,Zimmermanchester
865,Omar Jones,25,Female,North Oscarchester
866,Alex Bradford,69,Other,North Matthew
867,Clayton Williams,34,Other,West Emilymouth
868,Edward Kelly,50,Other,Wrightberg
869,Amanda Aguilar,74,Other,New Carlybury
870,Regina Howard,55,Male,Lake Heather
871,Kristie Le,33,Other,Davidview
872,Jose Gonzales,74,Other,Shortberg
873,Joseph Saunders,23,Female,New Michaelview
874,Susan Russell,48,Male,Davischester
875,William Arias,52,Male,Nolanberg
876,Michael Briggs,29,Male,Laurahaven
877,Joshua Crawford,24,Female,Michaelport
878,Joseph Jones,40,Female,North Jeremiahberg
879,Timothy Tyler,69,Other,New Lori
880,Amber Gibson,74,Female,Burtonport
881,Emily Morton,61,Other,East Gina
882,Michelle Garcia,20,Other,Lake Rickyfurt
883,Jeremy Gray,61,Other,East Larry
884,Carla Smith,27,Other,Richardville
885,Robert Gonzalez,36,Male,East Patrick
886,Mary James,25,Female,New Jameshaven
887,Harry Ramirez,32,Other,Cynthiabury
888,Richard Jones,25,Female,East Allisonfurt
889,Nathan Ponce,77,Male,Port Alyssa
890,Amanda Moody,76,Male,West Marcuston
891,Brett Lewis,28,Male,East Brandon
892,Angie Griffith,41,Female,Porterbury
893,Sheila Williams,58,Other,West Jeffreyshire
894,Elizabeth Roberts,64,Female,Griffinport
895,James Lucero,25,Male,South Christine
896,Benjamin Young,39,Female,West Ruthbury
897,Ashley Vaughn,71,Female,Danielchester
898,Ann Garrett,46,Male,New Cassiemouth
899,Douglas Romero,31,Other,Sullivanland
900,Catherine Harris,47,Other,Port Brian
901,Patricia Davis,32,Other,North Katieland
902,Charles Nelson,74,Other,South Jamestown
903,Kristina Gonzalez,68,Other,West Dale
904,Mary Lopez,68,Other,Port Mollyport
905,Erica Cook,32,Female,Port Dennis
906,Katherine Knapp,27,Female,Santosview
907,Kim Murphy,66,Other,West Melanieside
908,Michael Reyes,40,Other,Brookeside
909,Debra Benson,42,Other,East Marthafort
910,Tina Sanchez MD,76,Male,East Shanestad
911,Anthony Macias,51,Other,West Sandraside
912,Tracy Knight,56,Female,East Nicoleport
913,Diana Smith,37,Male,New Erica
914,Patrick Hall,58,Other,New Danashire
915,Elizabeth Davis,39,Male,New Sherry
916,Alisha Allen,67,Male,West Andreaburgh
917,Mary Davis,56,Male,Bakerfort
918,Tammy Roach,23,Other,Evanville
919,Mary Reed,77,Male,Nelsonton
920,Melissa Shaw MD,66,Other,Rhodesburgh
921,Tracy Hernandez,49,Female,New Darlenestad
922,Christian Sanders,59,Male,Kingborough
923,Justin Wallace,71,Female,Munozbury
924,Nathan Nguyen,44,Male,Lake Michael
925,Tina Ortiz,78,Other,South Lindatown
926,Jason Barron,23,Female,New Lisa
927,Brittany Marshall,28,Male,Port Meganchester
928,Robert Allen,20,Male,Gonzalezland
929,Frank Stanley,45,Other,Debrafurt
930,Kelly Carlson,71,Other,Smithbury
931,Bradley Peterson,45,Male,East Rhonda
932,Cynthia Mueller,58,Male,Smithhaven
933,Tim Saunders,53,Male,Annchester
934,Jacob Lucas,27,Other,Sarahview
935,Michael Harris,49,Female,South Kimberly
936,Tyler Gonzalez,47,Female,Wongchester
937,Jessica Lee,34,Male,North Kristina
938,Mike Parker,37,Female,Nortonmouth
939,Tyler Gibson,66,Female,North Brenda
940,Brooke Terry,24,Male,Port Howardhaven
941,Alexander Martinez,58,Other,Michaelfurt
942,Jennifer Hall,75,Male,South Tammymouth
943,Cody Davis,76,Male,West Kristinamouth
944,Yesenia Carter,33,Male,Jeremyport
945,William Hill,62,Other,New Whitney
946,Jeffrey Reed,66,Other,Howardland
947,Michael Johnson,57,Male,Yvetteburgh
948,Jennifer Jones,42,Male,Lake Frank
949,Tina Moody,52,Female,Clinemouth
950,Jimmy Ortega,72,Female,South Timothy
951,Christopher Thomas,77,Male,Bakerburgh
952,Michael Cantu,43,Other,Butlerview
953,Jose Esparza,36,Female,Fryeberg
954,Sandra Morrison,73,Other,West Denisefurt
955,Robert Edwards,46,Female,East Tinafurt
956,Christopher Jones,60,Male,Levineshire
957,Shannon White,35,Other,Smithland
958,Karen Fisher,21,Other,Briannatown
959,Jonathan Parker,52,Male,North Richardview
960,Kenneth Spencer,68,Male,Davisfurt
961,Douglas Brown,63,Male,Smithchester
962,Melanie Jackson,26,Female,Jamiechester
963,Kevin Knight,46,Other,Carpenterchester
964,Edward Wilson,49,Female,North Elizabethberg
965,Brian Terrell,43,Female,Kristinmouth
966,Timothy Ruiz,75,Other,West Amytown
967,Brian Anderson,33,Female,New Autumn
968,Vanessa Orozco,37,Male,Calvintown
969,Jose Dunn,25,Other,Youngshire
970,Melissa Roberts,22,Female,Port Shane
971,Chad Hall,42,Male,New Angela
972,Alexandra Gardner,48,Other,Hartmouth
973,Shannon Greene,60,Other,Weberstad
974,Christy Mahoney,54,Other,East Amyside
975,Jocelyn Baldwin,45,Female,Port Robinview
976,Spencer Perez DDS,20,Male,Brianview
977,Tonya Rosales,42,Male,West Isaac
978,Jordan Medina,66,Female,Lake Lindsaymouth
979,Paige Evans,37,Male,Kaylaside
980,Daniel Alvarado,75,Male,Williamsville
981,Dillon Stout,60,Other,New Jessicamouth
982,Crystal Rhodes,43,Female,West Danielberg
983,Maria Blake,38,Male,Rogersfort
984,Corey Morris,79,Female,Haletown
985,Regina Solomon,70,Other,North Hannahfurt
986,Vanessa Gutierrez,59,Female,Oliverton
987,Jennifer Velazquez,27,Male,Lake Sarah
988,Jessica Haas,70,Other,South Alyssaburgh
989,Brenda Walker,52,Other,Lake Erika
990,Brandon Alvarez,32,Female,Bryantport
991,Jennifer Williams,48,Other,Paulburgh
992,Marcus Mahoney,53,Female,Lake Lisaland
993,Deborah Stewart,31,Male,Martinville
994,Nicholas Williams,67,Other,North Annetteburgh
995,Steven Williams,71,Female,South Monicashire
996,Dustin Miranda,65,Male,Bryanborough
997,Karen Higgins,71,Other,Conradview
998,Michelle Beck,60,Other,South Molly
999,Marc Lewis,35,Female,South Jennifer
1000,Jack Gonzales,36,Other,New Michelle
1001,Sonya Nelson,46,Male,Gayfort
1002,Megan Howard,73,Female,West Hannah
1003,Erica Armstrong,80,Female,Lake Timothyview
1004,Steven Leon,26,Other,Justinville
1005,Timothy Ortiz,43,Female,Boyerland
1006,Marcia Taylor,47,Male,Ellishaven
1007,Kimberly Hughes,59,Male,New Jonathonview
1008,Stephanie Carey,30,Other,Lauriechester
1009,Jessica Mcpherson,70,Female,South Margaret
1010,Stacy Reyes,45,Female,New Karenport
1011,Jonathan Gilbert,22,Female,Michelleport
1012,Juan Anderson,39,Female,Smithhaven
1013,Cheryl Bennett,73,Other,Lake Ericton
1014,Charles Alvarez,23,Other,Thomasmouth
1015,Neil Phillips,28,Female,Juliebury
1016,Johnny Ray,66,Other,Rebeccaport
1017,Joshua Green,33,Other,Port Zacharymouth
1018,Steven Liu,77,Male,South Sonyamouth
1019,Tina Carroll,56,Other,Larastad
1020,Hannah Hull,75,Female,Andrealand
1021,Matthew Stewart,32,Other,South Karen
1022,Sabrina Torres,21,Other,West Courtney
1023,Michael Carrillo,40,Female,Lake Shaneville
1024,Diane Taylor,80,Male,Port Sarah
1025,Joanna Hernandez,43,Female,West Troyberg
1026,Shelby Velazquez,24,Female,Lake Michaelside
1027,Bonnie Burke,79,Other,West Christophermouth
1028,Stacey King,80,Male,Michaelshire
1029,Zachary Herman,30,Other,South Alicia
1030,Dana Waters,64,Male,Guytown
1031,Ray Mitchell,59,Other,Steeleville
1032,Thomas Brown,39,Female,Rhondaland
1033,Jenna Morrow,77,Female,Port Paul
1034,Gregory Stevens,68,Male,West Frankville
1035,Jessica Reynolds,45,Male,Jacobbury
1036,David Thomas,28,Female,East Angelaton
1037,Victoria Mitchell,60,Other,West Taylorland
1038,Justin Wood,36,Male,Joneston
1039,Amanda Johnson,58,Other,Jacksonmouth
1040,Nathaniel Valentine,48,Female,North Baileyville
1041,Jennifer Lawrence,42,Male,East Keithborough
1042,Kristen Romero,26,Female,Mitchellville
1043,Casey Tucker,53,Male,East Allisonfurt
1044,Jacob Campos,70,Female,Port Angelaborough
1045,Bruce Lindsey,72,Other,Bentleytown
1046,Maxwell Williamson,67,Female,Breannaburgh
1047,Jordan Cummings,32,Female,Michaelside
1048,Christopher Waters,31,Female,Nelsonbury
1049,Katherine Silva,34,Male,East Elizabeth
1050,Stanley Smith,77,Other,South Dustin
1051,Kimberly Harding,69,Male,Michaelbury
1052,Kayla Jones,54,Other,Lake Yvette
1053,Mariah Clarke,71,Male,Bakertown
1054,Christopher Howell,20,Female,New Alexis
1055,Cindy Roberts,38,Male,South Ashley
1056,Brian Benson,74,Other,East Courtney
1057,Toni Mccarthy,57,Other,Lynnstad
1058,Daniel Valdez,61,Female,North Scottland
1059,Jessica Li,60,Male,West Emmastad
1060,Tyler Matthews,51,Male,Longborough
1061,Robert Lam,48,Male,South Bridgetborough
1062,Amanda Cantu,53,Female,Ibarratown
1063,Kirsten Mora,63,Male,Port Curtisshire
1064,John Gonzales,22,Female,North Robin
1065,Eric Martin,43,Male,Brittanyport
1066,Amanda French,53,Female,Dannyberg
1067,Keith Escobar,36,Male,Vickichester
1068,Jocelyn Walker,21,Other,South Jeffreyhaven
1069,Nicholas Morrison,30,Female,Wilsonstad
1070,Sandra Calhoun,65,Other,Kellyfort
1071,Yvonne Reese,76,Other,New Sarahaven
1072,Jesse Brown,73,Other,Meganburgh
1073,Daniel Hudson,62,Female,Brandonmouth
1074,Heidi Gray,36,Male,Lake Mark
1075,Angela Levine,72,Female,North Michaelmouth
1076,Jonathan Tucker,26,Female,East Johnland
1077,Jordan Sanchez,44,Female,New Dianaburgh
1078,Melinda Anderson,36,Other,Lopezstad
1079,Christina Mcfarland,19,Other,Port Deniseview
1080,Frederick Torres,45,Male,South Daniel
1081,Tyler Price,40,Female,North Luke
1082,Barbara Gonzalez,54,Male,Lake Megan
1083,Kathy Flores,53,Female,North Andrewside
1084,Daniel Summers,74,Male,North Trevorburgh
1085,Steven Hicks,57,Other,South Diane
1086,Robert Gutierrez,71,Female,West Eric
1087,Thomas Miller,71,Female,Robinsonfurt
1088,Noah Robinson,32,Male,South Ralph
1089,Monica Garza,48,Male,New Jameston
1090,Michael Munoz,78,Other,New Louisville
1091,Julia Flores,62,Other,Parsonsland
1092,Sierra Campos,79,Female,Perezchester
1093,Samantha Moreno,50,Female,Mullinsside
1094,Nathaniel Ryan,73,Male,Elizabethville
1095,Bonnie Bryant,27,Male,Stephanieshire
1096,Lori Khan,32,Female,North Rachael
1097,Janice Perez,35,Female,East Brianna
1098,Joshua Thompson,57,Female,East Ellenhaven
1099,Carol Hill,69,Other,Kimberlyfurt
1100,Kevin Bush,63,Female,Jonathanchester
1101,Cassandra Keller,67,Male,South Zacharyfort
1102,Andrew Nelson,59,Male,West Adrianfurt
1103,George Lawson,28,Male,Lake Jackson
1104,Danielle Morgan,57,Female,Sweeneyview
1105,Russell Rodriguez,74,Other,Jessicafurt
1106,Alex Oliver,60,Female,West Christopherland
1107,Nicole Conner,48,Male,Port Laura
1108,Karen Hamilton,50,Male,Bonnieborough
1109,Eric White,60,Other,New Debratown
1110,Ronald Garcia,53,Male,Kleinton
1111,Craig Martin,60,Male,Debbieberg
1112,Jodi Munoz,45,Male,Troyville
1113,Michael Kennedy,41,Male,New Heatherside
1114,Christopher Baker,18,Female,Nelsonchester
1115,Angela Johnson,77,Female,North Barbara
1116,Christina Edwards,51,Male,New Andrea
1117,Nicholas Ward,70,Female,Adamberg
1118,Tracy Vargas,51,Female,South Richard
1119,Scott Weaver,64,Male,South Amandachester
1120,Mark Armstrong,41,Female,South Denise
1121,Justin Peterson,65,Male,Sheriburgh
1122,Mark West,80,Male,East Sara
1123,Brandi Webb,20,Male,Mccannland
1124,Shannon Morse,61,Male,Patrickland
1125,Charles Clark,52,Male,Christineport
1126,Patricia White,78,Female,East Christie
1127,Michael Miller,46,Female,East Ray
1128,Alicia Davila,54,Male,Port Kimberlyton
1129,Heather Smith,38,Other,Perezberg
1130,William Smith,31,Male,South Jennaview
1131,Megan Martinez,64,Female,West Sharonport
1132,Ian Davis III,49,Female,Lake Brandon
1133,Arthur Hogan,39,Other,South Juanville
1134,Rachel Stevenson,67,Other,West Malikchester
1135,Debra Young,66,Female,Johnsonland
1136,Heather Hill,31,Other,Myersside
1137,Justin Davies,40,Female,Jenniferhaven
1138,Peter Hughes,26,Female,South Thomasfort
1139,Kevin Jordan,37,Female,Cookeburgh
1140,Jonathan Forbes,68,Other,Annetteshire
1141,Lori Walker,62,Male,Howardmouth
1142,Andrew Mayo,26,Other,Clarkton
1143,George Ellis,73,Female,Baileymouth
1144,Carla Hawkins,76,Female,Hendersonberg
1145,Joyce Steele,72,Male,West Sharonport
1146,Devin Cox,74,Other,South Samuelfurt
1147,Jeremy Gonzalez,69,Male,New Michael
1148,Melissa Henry,19,Female,Johnsonside
1149,Jeremy Scott,65,Female,West Wendyberg
1150,Brandy Rowe,35,Other,Port Jeremymouth
1151,Marilyn Ramirez,71,Other,North Donna
1152,Dale Gonzales,49,Female,Wilkersonburgh
1153,Bryan Estrada,27,Male,Taylorfort
1154,Kristen Levy,41,Male,East Robertbury
1155,Stacey Mitchell,64,Male,Beckerhaven
1156,Matthew Vasquez,58,Female,Port Robertberg
1157,Jessica Mcdaniel,39,Other,Lake Sandra
1158,Katie Bentley,28,Other,Hudsonburgh
1159,Karen Deleon DVM,28,Other,Port Christopherstad
1160,Mercedes Miller,23,Other,South Jenniferport
1161,Chad Ward,18,Other,East Kellyberg
1162,Joshua Price,74,Male,West Catherine
1163,Bobby Martin,50,Female,Christinaburgh
1164,Nancy Browning,52,Male,Wrightborough
1165,Paul Graham,74,Male,Jillhaven
1166,Sheila Russell,46,Female,Port Scott
1167,Jessica Howe,18,Other,North Sarahhaven
1168,Kimberly Guzman,31,Male,Gonzalezfort
1169,Lisa Sawyer,77,Female,Port Brian
1170,Joshua Herrera,27,Female,New Elizabeth
1171,Gary Lopez,58,Female,Poncehaven
1172,Shelby Harrison MD,39,Female,Port Melissaside
1173,Sarah Hanna,76,Female,North Jenniferland
1174,Daniel Taylor,24,Female,Port Mariahberg
1175,Lisa Rivera,51,Male,North Debra
1176,Maria Parrish,28,Other,New Amanda
1177,Amy Sweeney,79,Other,Gabriellaside
1178,Brian Nguyen,68,Male,Hernandezmouth
1179,Danielle Jones,24,Male,New Joelland
1180,Anna Jackson,68,Other,North Jamesside
1181,Brian Stewart,33,Male,Lindsayborough
1182,Marisa Nelson,56,Male,New Luis
1183,John Anderson,65,Male,Lake Tanyamouth
1184,Terri Johnson,57,Other,Michaelside
1185,Jerry Robinson,21,Female,New Monicaburgh
1186,Joshua Morris,19,Other,Baldwinburgh
1187,Andrew Rush,63,Female,Zacharyside
1188,Isaiah Tucker,23,Female,Emilyfurt
1189,Anita Stone,18,Female,New Lisa
1190,Kathleen White,23,Female,Johnathanberg
1191,Fernando Cole,57,Other,Lake Joseborough
1192,Laura Lopez,41,Other,Hayesside
1193,Michael Miller,29,Female,Port Kimberly
1194,David Johns,21,Other,West Ricky
1195,Jorge Navarro,77,Other,Johnsonberg
1196,Jamie Myers,34,Female,Lake Austin
1197,Oscar Garza,78,Male,Scottborough
1198,Angela Ritter,64,Other,South Bradley
1199,Sarah Goodwin,50,Male,South Julie
1200,Vicki Morgan,59,Female,West Robinton
1201,Robert Davis,25,Female,North Kristintown
1202,Douglas King,53,Female,West Andrealand
1203,Derrick Mcdonald,79,Other,Fishermouth
1204,Holly Acosta,25,Female,East Gregory
1205,Ann Morrow,29,Male,Loriview
1206,Jeffrey Garcia,21,Other,Port Christopher
1207,Andrew Baker,71,Female,Wendybury
1208,Diamond Mays MD,69,Other,Aaronberg
1209,Stephen Hanson,56,Other,Matthewview
1210,Kellie Shah,45,Female,Bakermouth
1211,Steve Baker,72,Other,West Sarah
1212,Karen Gonzalez,74,Male,Lake Stephen
1213,Sandy Garcia,70,Other,North Ryanchester
1214,Jamie Perry,61,Male,Alicialand
1215,Eric Gordon,34,Male,Lake Scottside
1216,Lynn Smith,50,Female,Randyshire
1217,Stacey Harvey,18,Other,Timothyberg
1218,Anthony Brown,68,Male,New Justin
1219,Diana Silva,46,Other,Ashleyland
1220,Anthony Garcia,20,Other,East Johnnytown
1221,Patricia Keller,32,Male,South Timothy
1222,Darrell Oconnor,43,Other,West Brett
1223,Tyler Sanchez,22,Other,North Kenneth
1224,Maxwell Hull,39,Female,Port Jeromeview
1225,Robert Daniels,61,Female,Nicolemouth
1226,Lisa Howe,22,Other,West Billy
1227,Susan Spencer,43,Other,East Karen
1228,Jessica Brennan,19,Other,Michaelchester
1229,Anna Spencer,19,Male,Davismouth
1230,Carlos Jennings,67,Male,East Jesus
1231,Timothy Johnson,80,Female,South Dakotashire
1232,Jack Ramos,66,Female,Port Julie
1233,Eric Edwards,46,Female,East Williamstad
1234,Brian Cole,42,Female,Lisaton
1235,Fred Mckee,50,Female,East Christopher
1236,Morgan Steele,32,Male,Lake Jaime
1237,Veronica Reilly,22,Other,Brendaburgh
1238,Natasha Rodriguez,21,Male,South Deborah
1239,Kathy Valdez,74,Female,North Lorishire
1240,Kevin Berry,75,Female,Phillipsburgh
1241,Kyle Watkins,72,Male,Raymondview
1242,Cathy Lee,79,Male,Jonesville
1243,Matthew Taylor,58,Male,West Stephen
1244,Alexander Dalton,65,Male,Edwardsmouth
1245,Krystal Ryan,76,Female,North Lacey
1246,Crystal Maxwell,62,Male,Brookehaven
1247,Lindsey Hayes,52,Female,New Melissabury
1248,Michael Moreno,29,Male,West Andrew
1249,Christine Burgess,41,Male,South Sierra
1250,Sandra Stuart,29,Other,Harrisstad
1251,Ronald Williams,62,Other,Kristopherstad
1252,James Lewis,76,Female,Crystaltown
1253,Alicia Norton,29,Other,Lake Annette
1254,Mary Charles,32,Female,West Robertside
1255,Teresa Riley,21,Male,North Michaelfort
1256,Joseph Griffin,49,Male,Yatesberg
1257,Dr. James Lane,72,Male,Andreahaven
1258,Deborah Riley,58,Male,Heidishire
1259,Samuel Jones,29,Male,Williamshire
1260,Robert Meyers,59,Male,East Sandraborough
1261,Kelly Stephens,77,Male,Morrisport
1262,Jonathan Edwards,64,Other,Davistown
1263,Andrew Sanchez,63,Male,Port Andreafort
1264,Randy Martinez,22,Female,Dawnborough
1265,John Johnson,48,Female,Gilmoremouth
1266,Chad Coleman,51,Other,East Danielle
1267,Wayne Cobb,58,Other,Maldonadotown
1268,Wayne Dyer,60,Other,North Jasonborough
1269,Chelsey Reed,74,Male,Lisaborough
1270,Ricky Santiago,60,Male,West Justin
1271,Pam Jimenez,73,Male,Wallerton
1272,Jacob Hernandez,44,Other,Christopherton
1273,Lisa Edwards,73,Other,East Anneside
1274,Peter Smith,33,Female,Grimesburgh
1275,Brett Thompson,35,Male,Lake Phillip
1276,Nathan Ramirez,69,Female,Samanthaland
1277,Heather Page,79,Other,Coreyberg
1278,Cynthia Daniel,18,Other,Lake James
1279,Blake Aguirre,71,Male,West Yvetteville
1280,Cole Sanford,35,Male,Jennaburgh
1281,Erin Taylor,27,Other,Shawbury
1282,Anthony Fitzgerald,21,Other,Jenniferborough
1283,Maria Watson,72,Female,Wattsview
1284,Brian Wilson,26,Female,Wilsonport
1285,William Gonzales,49,Other,Whitechester
1286,Matthew Smith,27,Other,Friedmanfurt
1287,Gregory Guerrero,39,Female,Gonzalezside
1288,Ashley Sutton,31,Other,New Mark
1289,Natasha Bradford,56,Male,Lake Chelsea
1290,Stephanie Phillips,26,Female,Yatesland
1291,Cody Schneider,65,Male,Lake Brandonhaven
1292,Dennis Tanner,30,Other,West Dennis
1293,Regina Fowler,39,Other,Lake Elijah
1294,Kristen Bell,26,Female,Schultzton
1295,Brandon Taylor,46,Female,Millerland
1296,Adrienne Tucker,30,Female,South Loganbury
1297,Barry Perry,41,Male,Jessetown
1298,Shawn Hayes,44,Female,Courtneybury
1299,Emily Mccoy,27,Other,West Travis
1300,Stephanie Fuller,22,Female,South Aliciafort
1301,Denise Alvarez,20,Male,South Stephen
1302,Clarence Cruz,56,Female,Mistybury
1303,Jessica Knight,18,Other,Garciachester
1304,Kimberly Gonzales,39,Female,Petersonside
1305,Jeremy Gordon,24,Female,Michaelview
1306,Dr. Laura Taylor,54,Other,Jessicamouth
1307,Ryan Mccoy,79,Other,Lake Jamestown
1308,Stacy Howell,62,Male,East Joseph
1309,Nicole Baker,71,Male,Leestad
1310,Tanya Diaz,41,Other,West Michelle
1311,Nicholas Wall,59,Female,Johnsonview
1312,Ms. Pamela Johnson,57,Male,North Charlottemouth
1313,Dawn Gonzalez,28,Other,Lake Davidbury
1314,Joseph Gutierrez,61,Female,Christopherhaven
1315,William Black,58,Male,South Rachel
1316,Dr. Cody Johnson,27,Female,West Robert
1317,Angel Barton,58,Male,Michaelside
1318,Ryan Smith,29,Other,Duncanview
1319,Anthony Fox,55,Other,Anthonyville
1320,Todd Gregory,59,Female,Marialand
1321,Nancy Liu,18,Male,North Maria
1322,Carmen Rodriguez,75,Male,North Latashaville
1323,Todd Haley,21,Female,Port Jacobshire
1324,Julia Powell,73,Other,East Gina
1325,Mrs. Melissa Bradshaw,63,Other,South Jenniferborough
1326,Julie Sherman,51,Other,Dustinchester
1327,Lisa Bonilla,38,Other,Port Jennifermouth
1328,Jessica Gonzalez,52,Female,East Robert
1329,Justin Allen,65,Other,Smithfort
1330,Timothy Lee,53,Male,Leonchester
1331,Kristin Howell,45,Male,East Katrinaside
1332,Monica Williams,78,Male,South Jessica
1333,Eugene Mills,20,Female,North Veronicachester
1334,Mary Ramos,32,Other,South Christopherbury
1335,Katherine Chan,56,Other,Lake Danielborough
1336,Cynthia Bishop,74,Female,South Megan
1337,Heather Scott,68,Male,Osbornmouth
1338,Ana Perez,74,Male,Port Sara
1339,Robert Garner,36,Male,Hardinborough
1340,Stacy Jackson,27,Female,Linbury
1341,Sharon Foster,67,Female,South Bryan
1342,David Horton,50,Female,Ginaview
1343,Jacob Navarro,61,Other,Lake Christopherburgh
1344,Carl Cole,35,Male,West Kelseyton
1345,Tabitha Gonzales,30,Female,South Rodneyton
1346,Sherry Lane,25,Female,East Laurentown
1347,Megan Ramos,55,Female,North Michael
1348,Daniel Zuniga,41,Other,Dixonfort
1349,Tracy Fuentes,68,Other,North Matthewberg
1350,John Warren,45,Female,North Danielborough
1351,Alexis Paul,61,Other,East Christophermouth
1352,Brandon Williamson,69,Other,Seanberg
1353,Jacob Garcia,33,Female,Hullmouth
1354,Makayla Sanchez,66,Male,Shannonchester
1355,Caleb Franklin,53,Male,Hunthaven
1356,James Holloway,69,Other,Sarahville
1357,Bethany French,55,Other,Lake Sheliashire
1358,William Herman,39,Male,Fostermouth
1359,Brandon Rodgers,45,Other,East Tanyamouth
1360,Linda Bennett,55,Other,Walkerhaven
1361,Dawn Taylor,20,Male,North Kellyport
1362,Lauren Smith,47,Male,Riveraton
1363,Sarah Galvan,54,Female,Sarahbury
1364,William Perez,50,Female,West David
1365,Kathleen Flores,30,Other,Port James
1366,Erica Collins,66,Female,Lake Heather
1367,Tracey Russell,51,Other,West Danabury
1368,Sharon Berger,63,Female,Port Laurieberg
1369,Jason Mills,62,Female,South Sophia
1370,Joe Kennedy,50,Other,Maryton
1371,Pamela Beasley,55,Male,Hernandezhaven
1372,William Wallace,49,Male,Griffinview
1373,David Hudson,73,Female,East Lindsay
1374,Daniel Smith,60,Female,Port Davidmouth
1375,Whitney Zamora,61,Male,Port Christinastad
1376,Juan Beck,49,Other,Lake Jesusville
1377,Alexandra Browning,60,Other,Michelleland
1378,Randall Price,20,Female,East Tina
1379,Christopher Rodriguez,70,Female,South Cynthiabury
1380,Mrs. Kelly Byrd DDS,56,Male,Lake Marcus
1381,Steven Chan,43,Male,Underwoodfurt
1382,Stacy Peterson DDS,72,Female,Lake Shaunstad
1383,Anne Dean,19,Male,West Michael
1384,Jacqueline Thompson,59,Female,East Kimberlyberg
1385,Rebecca Wiley,45,Male,South Alexanderbury
1386,John Ware,24,Other,Youngfort
1387,Erika Arnold,60,Male,Lake Paulafurt
1388,Hunter Hall,74,Other,Danielstad
1389,Mariah Stevens,38,Female,North Tammyhaven
1390,Robin Kline,67,Male,North Lisaport
1391,Joel Brooks,20,Other,Stephenville
1392,Julia Marshall,23,Female,Victorland
1393,Charles Martin,21,Other,West Andrew
1394,Daniel Bruce,18,Female,Liuchester
1395,Stephanie Stokes,25,Male,Cindychester
1396,Dr. Aaron Jenkins,22,Male,Johnburgh
1397,Erin Walsh,66,Female,Lake Mary
1398,Adam Whitaker,69,Other,West Ronaldberg
1399,Anna Gonzalez,69,Other,New Ashley
1400,Cassie Barrett,69,Other,Howelltown
1401,Brenda Le,72,Male,Darleneland
1402,Diana Vega,79,Female,Lake Scottfort
1403,Philip Hays,39,Male,North Michaelmouth
1404,Mrs. Jasmine Little,61,Male,South Lauriechester
1405,Mark Hernandez,56,Female,West Matthewville
1406,Paul Martin,32,Male,Sheilastad
1407,Larry Cohen,72,Male,Mitchellland
1408,Steven Farmer,79,Other,Beardfort
1409,Julie Gilmore,33,Female,North Briantown
1410,Tasha Parks,34,Female,Port Jeremyview
1411,Kristina Taylor,29,Male,Ericville
1412,Evan Cox,35,Female,Meaganfort
1413,Dr. Scott Ryan,44,Female,Jocelynshire
1414,Anne Blake,52,Male,Collinsview
1415,Cindy Stevens,19,Other,Taylorstad
1416,James Bishop,19,Other,New Daniel
1417,Hannah Rich,39,Male,North Tina
1418,Karen Davis,41,Male,Tiffanyland
1419,Paige Ford,61,Other,North Richard
1420,Stephanie Bailey,51,Female,Tinaborough
1421,Abigail Stone,51,Other,Harrisonchester
1422,Raymond Haynes,49,Male,North Sandra
1423,Gregory Barron,44,Female,Collinston
1424,Mike Dorsey,34,Other,North Laurenport
1425,Carla Green,27,Female,Terrellborough
1426,Amanda Murray,42,Female,Peggymouth
1427,Donald Sullivan,39,Other,Copelandview
1428,Brian Miller,30,Female,Williamsview
1429,Jennifer Curtis,61,Male,South Hannah
1430,Elizabeth Wells,79,Other,North Luismouth
1431,Wendy Quinn,61,Other,Jillstad
1432,Michelle White,74,Female,Port Jeanette
1433,Rhonda Thompson,50,Male,Port Lindseyhaven
1434,Samuel Whitaker,68,Male,Joanneside
1435,David Sanders,58,Male,Carlosville
1436,Alyssa Brooks,35,Other,North Timothy
1437,Elizabeth Robinson,30,Female,Hendersonland
1438,Anita Serrano,30,Male,Port Kimberlyshire
1439,Lindsay Smith,20,Other,Doyleton
1440,Susan Brown,76,Other,Christineland
1441,John Dalton,52,Female,Tinaside
1442,Yvonne Sanchez,42,Other,Williamsonburgh
1443,Adam Ballard,28,Female,Cooleyfurt
1444,Christine White,35,Male,Port Stephaniestad
1445,Jonathan Petty,24,Female,Burkemouth
1446,Jacqueline Cordova,53,Female,Christyville
1447,Mary Mccall,76,Other,South Robert
1448,Dawn Harrison,75,Female,New Justinbury
1449,Katherine Conrad,28,Other,South Sean
1450,Drew Duffy,35,Other,West Sarah
1451,Elizabeth Lloyd,20,Female,West Emily
1452,Kathleen Chang,69,Other,Port Timothy
1453,Sarah Williams,50,Male,North Stephenport
1454,Charles Austin,24,Other,South Dawnburgh
1455,Steven Caldwell,54,Male,Foxtown
1456,Debra Robinson,63,Female,Aaronstad
1457,Tammy White,33,Other,Torresshire
1458,Logan Elliott,59,Other,Denisebury
1459,Brandon Bernard,66,Female,West Christianton
1460,Yvonne Baker,54,Female,Marymouth
1461,Daniel Elliott,34,Other,Arnoldmouth
1462,Spencer Parker,25,Female,Mollybury
1463,Thomas Maldonado,75,Male,South Johnhaven
1464,Tristan Mullen,22,Female,Port Jimmy
1465,Robert Vargas,20,Other,Lindashire
1466,John Bradley,39,Male,Nortonchester
1467,Ronald Stevens,62,Male,Stephanieville
1468,Steven Gardner,70,Other,Coxville
1469,Eric Mitchell,25,Female,West Reginaport
1470,Laura Hernandez,41,Male,East Rebeccabury
1471,Catherine Allison,43,Other,Flemingland
1472,Lydia Brady,41,Other,Lake Pennyberg
1473,Nancy Robertson,29,Female,Charlesfort
1474,David Sloan,22,Other,North John
1475,Debra Joyce,68,Female,Chanland
1476,Tina Watkins,73,Male,New Roberttown
1477,Dr. Amanda Adams,68,Male,New Lindsayport
1478,Diane Shelton,31,Male,East Lauramouth
1479,Chad Newton,72,Male,Jakeberg
1480,Patrick Smith,26,Female,North Nicholas
1481,Robert Smith,36,Female,South Amandastad
1482,Arthur Krause,33,Female,East Randy
1483,Christopher Tucker,58,Other,Colleenview
1484,William Mccarthy,42,Female,Carpenterberg
1485,Keith Reeves,48,Other,Jeffreychester
1486,Keith Williams,64,Male,Nunezmouth
1487,Daniel Williamson,59,Female,Jenniferberg
1488,Anthony Schmitt,49,Other,Samanthaport
1489,Jason Dillon,37,Female,South Fernandoton
1490,Charlene Wood,80,Other,Maryport
1491,Shannon Mcintyre,52,Male,Port Ashley
1492,Rebecca Waller,42,Male,Courtneyside
1493,Katherine Kennedy DDS,60,Male,Wallsfurt
1494,David Gay,36,Male,Haynesview
1495,Sherry Morgan,56,Other,Wendyside
1496,Phillip Escobar,51,Male,Port Jackie
1497,Samantha White,39,Other,Lake Jessica
1498,Zachary Andrews,70,Other,Lake April
1499,Sheila Mcdonald,21,Female,Port Alisonburgh
1500,Erica Gomez,66,Other,Briannaborough
1501,Tina Wilson,71,Other,Hornstad
1502,Gregory Young,52,Male,Bryantchester
1503,Frederick Walker,48,Female,Christopherport
1504,John Myers,32,Female,New Charles
1505,Michael Macias,38,Female,Mcneilburgh
1506,Patricia Shaw,38,Male,Lake Josemouth
1507,Ryan Brennan,57,Other,Michelechester
1508,Robin Luna,52,Other,Chaneyland
1509,Timothy Jenkins,46,Female,Meyerville
1510,Lindsey Richmond,58,Male,Frederickville
1511,Trevor Contreras,62,Other,Billyside
1512,Rachel Hawkins,55,Male,Robersonland
1513,Carol Potts,63,Female,North Margaretton
1514,Brianna Roberts,49,Other,Zacharyland
1515,Kelly Henderson,30,Female,New Chadmouth
1516,Mandy Elliott,45,Male,Port Benjamin
1517,Shannon Stanley,71,Female,East Susanmouth
1518,Connie Harris,37,Male,New Larry
1519,Matthew Ortega,44,Male,Andersonton
1520,Cathy Mendoza,18,Male,East Nicoleville
1521,Melissa Baker,31,Other,North Michelle
1522,Robert Wise,78,Other,Lake Keithmouth
1523,Zachary Hill,37,Male,Williamsborough
1524,Suzanne Jackson,21,Male,North Danielborough
1525,Andrew Blair,30,Other,Tammyville
1526,Adam Whitehead,79,Other,Josephfort
1527,Ryan Wright,27,Male,Hudsonville
1528,Catherine Brown,79,Other,Lake Tracyborough
1529,Jillian Kaiser,23,Male,Johnsonburgh
1530,Brian Schwartz,74,Male,Brendatown
1531,Alexandra White,67,Male,Michaelmouth
1532,Mr. Erik Gibson,48,Female,East John
1533,Brittney Norton,53,Female,Thomasbury
1534,Mary Flores,71,Male,West Mariaberg
1535,Edward Craig,42,Male,South Bryan
1536,Norma Thomas,47,Male,Gardnershire
1537,Gary Ortiz,31,Other,South Andrewmouth
1538,Stephanie Morse,25,Male,New Chelsea
1539,Seth Francis,30,Other,East Meganborough
1540,Larry Hall,53,Male,Rayborough
1541,Anthony Edwards,72,Male,East Deannatown
1542,Cheryl Huang,78,Female,Berryhaven
1543,Anthony Clark,18,Female,South Jacobview
1544,Stephen Lee,36,Other,West Barbaratown
1545,Sarah Clay,74,Female,Johnsonport
1546,Sherry Wheeler,39,Other,Hardyshire
1547,Sally Moore,40,Male,West Laurastad
1548,Leah Sherman,77,Male,Davilaberg
1549,Natasha Hughes,41,Male,Patriciaberg
1550,Dr. Tina Griffin,66,Other,Alisonport
1551,Douglas Dalton,33,Female,Tanyastad
1552,Michelle Sparks,52,Male,Louismouth
1553,Wesley Middleton,72,Male,South Kathleenville
1554,Donald Shelton,51,Other,East Haroldstad
1555,Shelby Rivera,33,Other,New Christinahaven
1556,Bethany Salinas,74,Male,Jenniferton
1557,Scott Wu,64,Female,Bennettview
1558,Brooke Williamson,56,Male,Chaveztown
1559,Donna Rodriguez,55,Male,Lake Joditon
1560,Oscar Krueger,59,Other,Mariaview
1561,Michael Russell,25,Other,West Jasonhaven
1562,Madison Thomas,37,Male,East Adam
1563,Denise Powell,35,Other,New Marieburgh
1564,Corey Stokes,46,Other,Ashleyton
1565,Robert Knapp,70,Female,East Jenniferburgh
1566,Madison Parker,61,Female,West Kathleen
1567,Brian Cantu,63,Male,Christyborough
1568,Shane Snow,80,Female,East Melissa
1569,Mr. Kristopher Barr,46,Other,New Adamtown
1570,Seth Reed,32,Female,West Tracybury
1571,Alexander Reese,40,Female,Barbaramouth
1572,Nathan Martin,59,Male,Patrickhaven
1573,Monica Taylor,69,Other,Williamfort
1574,Marcus Johnson,53,Male,Port Kimberlyhaven
1575,Kayla Roberson,40,Other,Michaelmouth
1576,Lisa Bailey,77,Other,Vazquezport
1577,Andrea Adams,48,Other,Brownshire
1578,Shirley Miller,62,Other,East Stevenfurt
1579,David Carey,21,Female,Ronnieview
1580,Robert Schmitt,26,Other,Wuborough
1581,Teresa Miller,27,Other,Alexiston
1582,Richard Jones,27,Female,Smithbury
1583,Sarah Brown,63,Female,Donaldstad
1584,Warren Rodriguez,60,Female,South Katelyn
1585,Danielle Peters,56,Female,Lloydburgh
1586,Felicia Alexander,44,Other,Lake Amanda
1587,Christopher Lawrence,43,Other,Michaelport
1588,Lisa Paul,27,Other,Port Vincent
1589,Jennifer Murray,78,Male,North Michaelshire
1590,Benjamin Wilson,39,Other,Lake Timshire
1591,Rhonda Ross,34,Male,Reneebury
1592,Paul Noble,34,Female,North Latoya
1593,Rachel Sandoval,71,Female,South David
1594,Eric Walker,69,Male,Lewisside
1595,Kimberly Martinez,39,Female,Hicksborough
1596,Eric Garcia,31,Other,Lopeztown
1597,Dana Brown,73,Male,East Terrihaven
1598,Mary Ponce,48,Other,Atkinsonmouth
1599,Henry Stein,39,Male,Port Yvonneside
1600,Kimberly Hester,34,Male,Port Dana
1601,Joseph Ritter DDS,47,Female,Port Angela
1602,Kyle Jimenez,64,Other,South Paul
1603,Angela Smith,37,Male,South Stephen
1604,Sabrina Wilson,32,Male,Hallfurt
1605,Joseph Norris,25,Other,Ryanhaven
1606,Annette Baker MD,75,Male,Burtonton
1607,Gabriela Alexander,62,Female,Josephside
1608,Meghan Adams,33,Female,Port Robert
1609,Anthony Dyer,34,Other,East Melanieburgh
1610,Caroline George,78,Other,South David
1611,Jennifer Spears,59,Male,Watsonfort
1612,Stanley Garcia,35,Male,Joshuaburgh
1613,Courtney Johnson,39,Other,New Aaronburgh
1614,Emily Stevenson,76,Other,Manuelfurt
1615,Stephanie Payne,30,Other,East Taylor
1616,Ethan Santos,20,Male,East Megan
1617,Julia Miller,20,Other,North Ryanville
1618,Kurt Wilson,29,Other,Reevesburgh
1619,Mark Warner,40,Female,North Stephen
1620,Natalie Good,80,Male,Santiagoport
1621,Andrew Newton,41,Other,Oneillfurt
1622,Heather Harris,73,Other,New Heathermouth
1623,Eric Martin,59,Other,East Jeffview
1624,Deborah Duran,80,Male,Smithmouth
1625,Joseph Sims,47,Other,Olsentown
1626,Dr. Kayla Patton,74,Other,South Jasmine
1627,Michelle Bryan,52,Male,Kingfurt
1628,Emily Deleon,24,Male,Lawrenceburgh
1629,Mrs. Amy Adams MD,77,Other,Johnstonville
1630,Robert Thomas,54,Male,Kentmouth
1631,Trevor Carter,29,Male,Clarkefurt
1632,Laura Page,36,Female,Port Marystad
1633,Briana Fowler,19,Female,Matthewsstad
1634,Christopher Gillespie,31,Male,Jenniferland
1635,Michael Young,26,Female,Alexandriaberg
1636,Sarah Wright,60,Male,New Edwardshire
1637,Michael Page,50,Other,South Ericafort
1638,Timothy Sutton,59,Male,New Tony
1639,Melanie Alexander,35,Other,North Patrickton
1640,Curtis Scott,20,Female,Markhaven
1641,Beth Wilkins,19,Female,West Gregburgh
1642,Mrs. Michelle Wolf MD,54,Female,Williamshaven
1643,Scott Dyer,37,Female,Beasleyshire
1644,James Jenkins,61,Other,East David
1645,Jason Wright,23,Male,Rodriguezbury
1646,Alfred Maxwell,27,Female,Elliottville
1647,Michelle Cook,76,Female,Gonzalezchester
1648,Christine Garrett,45,Female,East Charlestown
1649,Lisa Maxwell,79,Other,Garciaville
1650,Alison Walton,65,Male,Davisburgh
1651,Shannon Peters,75,Other,Douglasborough
1652,James Andrade,42,Other,Garyfort
1653,Robert Chen,28,Female,New Pamelabury
1654,Robert Ritter,32,Female,North Jasonview
1655,Matthew Harris,60,Male,West Rebecca
1656,Gary Williams,73,Other,Loganside
1657,Kayla Chaney,68,Female,West Justin
1658,Christy Walton,65,Female,East Cheryl
1659,Matthew Roman,80,Female,Heathermouth
1660,Kathryn Mitchell,64,Male,Waltersbury
1661,Scott Estrada,40,Female,Elizabethmouth
1662,Michelle Brewer,76,Female,South Jonathan
1663,Jennifer Williams,78,Female,Howellborough
1664,Julie Nguyen,30,Male,Port Emily
1665,Mr. Stephen Watts,63,Other,New James
1666,Kelly Gibson,32,Other,East Kristenmouth
1667,Leah Sharp,57,Male,North Stuart
1668,Deborah Smith,39,Male,West Veronicaside
1669,Jessica Jordan,80,Other,Lisaside
1670,Kathryn Diaz,68,Male,Matthewberg
1671,Jackie Gonzalez,58,Male,Port Tonya
1672,Debra Wilson,57,Other,Erinton
1673,Michael Long,21,Male,East Sandra
1674,Kyle Ortiz,52,Male,New Chadport
1675,Elizabeth Montes,68,Other,Robintown
1676,Casey Bishop,21,Other,Staceyton
1677,Brian Snyder,56,Female,Brownfort
1678,Linda Lynch,75,Other,North Kristenborough
1679,Erik Gibbs,63,Female,East Alexander
1680,James Williams,44,Female,Laurashire
1681,Michaela Austin,33,Female,Lake Joanchester
1682,Erik Taylor,68,Female,South Theresa
1683,Russell Sanders,55,Other,Michelleburgh
1684,Denise Peters,45,Other,Port Michaelchester
1685,Richard Doyle,31,Male,Port Darren
1686,Michael Nguyen,56,Other,West Hayley
1687,Regina Sullivan,60,Male,Phillipsfurt
1688,Darrell Hall,50,Female,Angelatown
1689,Lance Cole,59,Other,North Anthonyfurt
1690,Mark Pena,24,Other,Lake Danielfort
1691,Kyle Hanna,50,Male,South Erinton
1692,Jeremy Dean,48,Female,Jaimetown
1693,Robert Fox,47,Female,Lake Markshire
1694,Brian Hudson,19,Other,Lake Sarahton
1695,Grace Lewis,77,Male,New Stephenton
1696,Ronald Mcdowell,72,Female,Dianaborough
1697,Michael Gallagher,42,Male,South Danielfurt
1698,Erica Garcia,59,Other,Torresmouth
1699,Tina Velazquez,59,Female,Harrisview
1700,Tyler Chapman,25,Other,East Troyside
1701,Jennifer Lee,66,Male,Dennishaven
1702,Dana Nichols,37,Other,Marshallfurt
1703,Tyler Miller,21,Other,East Traci
1704,Joseph Edwards,28,Female,Kevinfurt
1705,Amy Rodriguez,45,Other,East Jamesshire
1706,Kenneth Wolfe,51,Male,Port Annafurt
1707,Leslie Yang,28,Female,Claytonview
1708,Anna Park,67,Other,Lake Jeffrey
1709,Sandra Taylor,78,Female,Lake Betty
1710,Alan Myers,76,Male,Lake Sarah
1711,Lori Andrade,80,Male,Jeffreyland
1712,Natalie Gray,59,Female,Haleyport
1713,Virginia Brown,56,Male,Heathershire
1714,Isabella Shelton,50,Male,Rodneymouth
1715,Edward Cummings,79,Male,Thompsonport
1716,Bobby Martinez,53,Male,East Autumn
1717,Kelly Evans,67,Female,South Justin
1718,Christina Simon,34,Male,North Tamaraville
1719,Travis Baker,48,Female,Eatonborough
1720,Erin Simmons,20,Female,North Rubenborough
1721,Martin Johnson,51,Female,Perryport
1722,Chris Gonzalez,23,Female,Rebeccaton
1723,Maria Callahan,79,Other,Carrieland
1724,David Gray,37,Female,New Brett
1725,Andrea Baldwin,52,Female,Kimberlybury
1726,Kimberly Erickson,69,Female,Ruthchester
1727,Adam Jimenez,77,Female,Billymouth
1728,Ryan Baker,42,Male,East Matthew
1729,David Cameron,40,Female,Lisamouth
1730,Edward Jones,59,Other,New Deborah
1731,Terry Price,56,Male,West Taraborough
1732,Janice Gonzales,24,Other,West Amberburgh
1733,Jonathon Foster,68,Female,New Lisa
1734,Mark Warner,30,Other,Port Anita
1735,Keith Griffin,25,Other,New Willie
1736,Aaron Baker,62,Male,West Connie
1737,Michelle Bishop,43,Female,Danaberg
1738,Anthony Johnston,48,Female,South Courtney
1739,David Tucker,43,Female,Sullivanborough
1740,Lisa Rowland,41,Male,East Davidland
1741,George Richards,76,Male,Lloydmouth
1742,John Cherry,31,Male,New Maxtown
1743,Todd Smith,24,Other,East Mark
1744,William Fernandez,60,Other,Stevenview
1745,Nicholas Smith,68,Male,Davidport
1746,Jeffery Chan,70,Male,Port Amber
1747,Jacob Campbell,78,Other,Rogerville
1748,Suzanne Potts,78,Female,Kathleenmouth
1749,James Swanson,25,Other,East Laura
1750,Tyler Reyes,45,Male,New Emilyfurt
1751,Eric Smith,65,Female,Stephanieport
1752,Samantha Cabrera,72,Other,Robertshire
1753,Stephanie Smith,69,Male,East Donald
1754,Joseph Burnett,62,Other,Port Janeshire
1755,Sarah Smith,27,Male,New Sharonville
1756,Anthony Bell,35,Male,Gambleport
1757,Amber Banks,53,Male,Lake Stacymouth
1758,Darren Black,21,Other,North Melissa
1759,George Wiley,32,Other,South Carolineborough
1760,Dennis Clark,25,Male,Jennifermouth
1761,Allison Valdez,30,Other,Davidmouth
1762,Adriana Johnson,28,Female,Port Annashire
1763,Michael Blankenship,45,Male,East Jessicastad
1764,Jay Pratt,23,Other,Lake Amy
1765,William Robinson,58,Female,East Eric
1766,Monique Stevens,37,Male,South James
1767,Walter Bond,56,Male,New Sara
1768,Christopher Ballard,48,Female,Thomasside
1769,Michael Davidson,45,Female,Ronaldshire
1770,Edward Davis,70,Female,Brettborough
1771,Amanda Mckenzie,24,Female,Glendaview
1772,Colin Johnson,65,Other,Cassidyview
1773,Ryan Fitzgerald,43,Other,Taylorstad
1774,Justin Tran,29,Other,Curtisland
1775,Alexis Bennett,74,Male,Belindaton
1776,Daniel Wallace,23,Female,Kennedyberg
1777,Christopher Martinez,51,Female,East Katherinefort
1778,Victor Camacho,29,Other,South Brandon
1779,Thomas Miller,67,Female,Shannonberg
1780,Cynthia Whitehead,50,Male,Comptonfort
1781,John Thomas,54,Other,Johnsonport
1782,Ana Keith,60,Male,Thomasborough
1783,Brian Clark,67,Other,South Lisahaven
1784,Joseph Delgado,52,Female,Bobport
1785,David Simpson,69,Female,Markmouth
1786,Jose Jensen,66,Other,South Alex
1787,Leslie Ibarra,80,Male,Hernandeztown
1788,William Ramos,45,Male,North Angelastad
1789,Gabriel Richardson,74,Female,South Josephshire
1790,Jacqueline Le,54,Male,New Catherinestad
1791,Amy Thompson,71,Male,Ramirezstad
1792,Matthew Moyer,19,Male,North Nicole
1793,Brett Whitney,33,Female,Port Susanland
1794,Gregory Sims,78,Female,Wilsonview
1795,Erica Alvarez,64,Male,Parkville
1796,Anthony Dillon,55,Other,Thomasfurt
1797,Brittany Fernandez,41,Other,Lake Chadstad
1798,Sean Nelson,39,Other,Campbellland
1799,Jesus Walsh,59,Other,East Patrickborough
1800,Benjamin Howard,50,Male,Millershire
1801,Jeremiah Griffin,64,Male,Johnsonmouth
1802,Brian Fritz,53,Female,East Valerieshire
1803,Sean Baker,46,Male,New Tracitown
1804,Chase Huffman,28,Female,East Anna
1805,Pam Wright,78,Other,Port Jessicaville
1806,Nancy Hunter,29,Other,Smithberg
1807,Kelly Reeves,62,Other,Andrewfurt
1808,Scott Thompson,42,Other,North Stephaniehaven
1809,Michael Cole,42,Female,Hullborough
1810,Ashley George,53,Other,West Robert
1811,Tara Brown,52,Male,North John
1812,Damon Patton,39,Male,Martinezborough
1813,Emma Thomas,24,Other,East Steven
1814,William Robbins,36,Male,Lake Justinchester
1815,Scott Macdonald,54,Female,Jonesview
1816,Justin Jackson,29,Male,Wilsonton
1817,Vanessa Schroeder,62,Male,Herrerashire
1818,Christine Greene,73,Other,Thompsonborough
1819,Shawn Harmon,29,Female,West Brian
1820,Jane Leonard,48,Female,Ashleyland
1821,Joshua Patterson,25,Female,Cunninghamchester
1822,Erica Lane,38,Female,West Corybury
1823,Sarah Cisneros,72,Female,South Blake
1824,Amber Stephens,29,Female,Pinedaborough
1825,Nathan Sanchez,32,Female,Goldenstad
1826,Regina Robertson,23,Female,South Lauraton
1827,Stephen Briggs,20,Female,Kathymouth
1828,Erin Mckee,21,Male,Stevensstad
1829,Alexandra Richard,72,Female,North Suzanne
1830,Roy Horn,19,Other,East Emily
1831,Eric Clark,34,Other,Lake Nicholasburgh
1832,Laurie Thomas,31,Male,Port Joy
1833,Natalie Meza,31,Female,West Frankshire
1834,Timothy Lucas,25,Female,East Thomas
1835,Cody Wright,39,Male,New Charlene
1836,Donald Willis,25,Female,Lake Jennifer
1837,Paul Cunningham,64,Other,Jonathanville
1838,William Gamble,77,Other,Martinezfort
1839,Mr. James Johnson,45,Male,North Kathleenhaven
1840,Alexandra Friedman,20,Male,Port Nathanville
1841,Jonathan Walker,41,Male,Washingtonfort
1842,Matthew Patterson,38,Female,Port James
1843,Michelle Lee,27,Female,Port Danielbury
1844,Anthony Whitaker,46,Female,New Shannonfort
1845,Laura Martin,75,Male,Smithburgh
1846,Christopher Howard,48,Male,Parrishville
1847,Timothy Byrd,28,Male,Shawntown
1848,Kimberly Daniels,57,Female,Brownshire
1849,Troy Brady,29,Female,Youngshire
1850,Johnathan Cameron,68,Male,Mullenfort
1851,James Powell,31,Male,West Cassandra
1852,Martin Brown,65,Other,New Charles
1853,Aaron Evans,68,Male,Myersburgh
1854,James Moyer,34,Female,South Johnmouth
1855,Walter Evans,34,Male,South Jamesside
1856,James Martin,75,Other,Freemanmouth
1857,Erika Mejia,31,Other,Suzanneberg
1858,Johnny Hampton,21,Male,Williamsontown
1859,Larry Collier,41,Other,East Jeffrey
1860,Douglas Stevenson,51,Female,Michaelstad
1861,Donna Mason,46,Other,Juliechester
1862,Russell Reyes,51,Female,West Rogerview
1863,Andres Campos,51,Male,Fishershire
1864,Douglas Wilkinson,80,Male,North Amber
1865,Karen Kennedy,28,Other,Angelahaven
1866,Jessica Palmer PhD,77,Female,Elaineside
1867,Elizabeth Lang,34,Other,Justintown
1868,Jennifer Carson,66,Male,Heidistad
1869,Shawn Schwartz,69,Male,Jaredfurt
1870,Cheryl Morgan,36,Other,North Ellenbury
1871,Tanya Lucas,68,Male,West Jessica
1872,Sally Calhoun,53,Other,Perkinsside
1873,Antonio Miller,57,Other,Smithmouth
1874,David Gutierrez,20,Male,Armstrongville
1875,Paul Hammond MD,26,Other,Jayberg
1876,Justin Rush,72,Female,North Alexander
1877,Jacqueline Green,66,Male,Vaughnchester
1878,Sandra Castillo,21,Other,Kristineland
1879,Deborah Caldwell,46,Female,New Stacy
1880,Chelsea Shepherd,76,Male,East Davidmouth
1881,Michael Salinas,51,Female,Michaelfurt
1882,Cheryl Hernandez,74,Female,Freemanborough
1883,Nathan Powell,50,Other,Larsenside
1884,Stephanie Willis,74,Other,South Saraton
1885,Jennifer Bryant,59,Female,Jamesview
1886,Patrick Arnold,51,Female,East James
1887,Kristine Osborn,72,Male,Williamsview
1888,Matthew Smith,46,Male,Lake Josephmouth
1889,Lisa Sims,37,Male,Port Rebekahchester
1890,Jessica Mcclain,34,Other,Benjaminshire
1891,Corey Morgan,40,Female,New Toddstad
1892,Sharon Wilson,20,Female,Deckerton
1893,Cassandra Burke,57,Other,West Johnborough
1894,Nicolas Alexander,28,Female,Jeffreyborough
1895,Scott Knapp,42,Female,North Deniseville
1896,Douglas West,20,Other,Lake Kendra
1897,Crystal Williams,47,Male,North Nicoleport
1898,Benjamin Jones,41,Female,North Kelseyshire
1899,Walter Leon,30,Male,Richardsonberg
1900,Brandon Gaines,54,Other,Tarachester
1901,Paul Garcia,57,Male,Hectorland
1902,Amy Martin,51,Female,Deannaport
1903,Steven Williams,54,Female,Barbaraton
1904,Jennifer Hernandez,56,Male,Milesbury
1905,Frank Collier,25,Male,Shafferport
1906,Megan Bonilla,73,Male,South Stacy
1907,Randy Garrison,34,Other,Tanyaborough
1908,Amanda Henderson,67,Other,East Sheila
1909,Cody Torres,63,Other,Michaelchester
1910,Cheyenne Lloyd,23,Other,Port Shannonborough
1911,Matthew Maddox,30,Female,Port Alisha
1912,Cheyenne Weaver,43,Female,South Angelastad
1913,Erika Adams,72,Female,East Christinahaven
1914,Anthony Foster,74,Other,Lake Sonyatown
1915,Tracy Hall,40,Other,Murphyberg
1916,Robert Davis,51,Female,East Gabriel
1917,Brooke Blackwell,51,Female,Port Jesseport
1918,Jill Cowan,45,Other,Lake Erika
1919,Dawn Murphy,46,Male,Cochranberg
1920,Terry Gonzalez,64,Female,East Angela
1921,Katherine Myers,76,Other,North Rebeccabury
1922,Andrew Jefferson,73,Female,New Nataliechester
1923,Lawrence Grant,43,Male,Garrettchester
1924,Joshua Rodriguez,49,Female,Lake Anne
1925,John Green,39,Male,Shaunmouth
1926,Carol Fox,80,Female,Port Samuelhaven
1927,Andrew Thomas,72,Female,Martintown
1928,Jean Miller,63,Female,Wilkinsonburgh
1929,April Jackson,32,Male,Petersbury
1930,Dr. Juan Olson DVM,39,Male,Anthonyside
1931,William Ayers,47,Other,West Caitlynhaven
1932,Karen Valdez,61,Male,Port Joseph
1933,Jerry Ramsey,38,Female,Hartmantown
1934,Kara Gross,52,Other,Williamsmouth
1935,Angela Arellano,20,Other,Lake Victorburgh
1936,Thomas Maynard,23,Male,Peterfurt
1937,Amy Moore,70,Male,Murphyside
1938,Misty Campos,52,Other,Millerberg
1939,Maria Michael,33,Other,Jonesville
1940,Bonnie Schmidt,57,Female,Lake Kevin
1941,Cristian Gardner,23,Female,North Jason
1942,Alison Reynolds,79,Female,Nataliefort
1943,Jaime Anderson,52,Male,South Conniebury
1944,Spencer Jackson,39,Female,Pamelafurt
1945,Edwin King,66,Male,Lake Sarah
1946,Joshua Mcintosh,24,Other,Lake Paigehaven
1947,Eric Sanders,43,Female,Davidshire
1948,Mr. Daniel Dougherty,40,Male,Kaylamouth
1949,Karen Griffin,41,Female,Maryton
1950,Christopher Robinson,44,Male,West Christopher
1951,Maria Smith,28,Male,Lake Angela
1952,Joseph Strickland,59,Female,Wardchester
1953,Carlos Perez,23,Female,New Jasonview
1954,Chelsea Mcknight DDS,41,Female,Jarvisfurt
1955,Jennifer Ford,70,Other,South Garymouth
1956,Erik Trujillo,53,Male,Jeffreyville
1957,Jason Anderson,35,Female,Ortegabury
1958,Jimmy Acosta,28,Other,New Monicamouth
1959,Daniel Mcclain,26,Male,Webbton
1960,Chase Mullen,48,Other,Port Angela
1961,Bradley Roach,74,Other,East Philip
1962,Julia Woods,29,Female,East David
1963,Stephanie Manning,31,Female,North Robertberg
1964,David Garcia,53,Other,Danielsview
1965,Lisa Cox,40,Other,Josephville
1966,Shelby Schultz,69,Other,Port Gregchester
1967,David Huerta,21,Other,North Davidmouth
1968,Natasha Rose MD,56,Other,Smithland
1969,David Thomas,44,Female,Andersonton
1970,Aaron Snyder,32,Male,South Patrickhaven
1971,Eric Gonzalez,46,Male,Kimberlyburgh
1972,Shawn Roberts,33,Female,East Kimberly
1973,Bryan Norman,60,Other,East Hannahshire
1974,Kim Green,55,Female,New David
1975,Stephanie Foley,27,Male,Kimshire
1976,Carl Walker,67,Male,New Jenna
1977,Larry Mcgee,68,Other,Anthonyborough
1978,Timothy Vega,18,Other,Port Ryan
1979,Rachael Mcdowell,39,Female,Williamport
1980,Bryan Potts,75,Other,Christianbury
1981,Christine Elliott,27,Male,Port Jesseberg
1982,Jaime Lamb,48,Other,Lake Amanda
1983,James Griffin,34,Other,North Stephen
1984,Ana Harris,38,Female,New Samanthachester
1985,Joshua Ball,26,Male,Bowmanhaven
1986,William Williams,18,Female,Lake Joel
1987,Megan Williams,59,Female,North Elizabeth
1988,Laurie Murillo,68,Male,Williamhaven
1989,Kimberly Morgan,67,Male,Rogersbury
1990,Eric Lopez,25,Other,Allenburgh
1991,Jennifer Hawkins,39,Other,North Rhondaburgh
1992,Lee Osborne,55,Other,Cobbbury
1993,Sara Parsons,43,Other,Laurenborough
1994,Timothy Gomez,55,Female,Kevinshire
1995,Cameron Howard,45,Other,South Susanberg
1996,Aaron Hess,41,Female,Jillchester
1997,Margaret Bailey,76,Other,South Davidville
1998,Judy Sparks,78,Other,Bryanville
1999,Michael Thompson,71,Other,Angelastad
2000,Walter Guzman,26,Female,Lake Matthew
